layout,ghost,seed,status,score,nodes,compute_seconds
small_adv,dumby,0,win,516.0,42.0,0.005487680435180664
small_adv,dumby,1,win,516.0,42.0,0.009709835052490234
small_adv,dumby,2,win,516.0,42.0,0.0020139217376708984
small_adv,dumby,42,win,516.0,42.0,0.006720066070556641
small_adv,dumby,123,win,516.0,42.0,0.003996849060058594
small_adv,greedy,0,win,516.0,42.0,0.00539708137512207
small_adv,greedy,1,win,516.0,42.0,0.001995086669921875
small_adv,greedy,2,win,516.0,42.0,0.0031752586364746094
small_adv,greedy,42,win,516.0,42.0,0.007469654083251953
small_adv,greedy,123,win,516.0,42.0,0.007061481475830078
small_adv,smarty,0,win,516.0,42.0,0.007170915603637695
small_adv,smarty,1,win,516.0,42.0,0.00979304313659668
small_adv,smarty,2,win,516.0,42.0,0.008521080017089844
small_adv,smarty,42,win,516.0,42.0,0.0036971569061279297
small_adv,smarty,123,win,516.0,42.0,0.011158227920532227
