0,0,4.912598967,4.883590463
1,0,4.713286583,4.468049561
2,0,4.381837236,4.232088043
3,0,4.504199018,4.784689030
4,0,3.643728350,5.426673363
5,0,4.149402141,6.307970813
6,0,4.083286234,8.171138758
7,0,3.929660412,4.685797804
8,0,3.975900934,5.811129162
9,0,3.876493839,5.252621484
10,0,3.087502438,6.201144783
11,0,3.663129137,7.197520603
12,0,3.964196424,6.690807287
13,0,3.898085556,7.360916452
14,0,4.327056343,6.715230124
15,0,3.900889119,7.690435820
16,0,3.154457234,7.574613980
17,0,3.948654742,6.812444674
18,0,4.004012003,8.023110410
19,0,3.186294872,5.725461554
20,0,3.458657815,6.989937884
21,0,3.635918288,6.715056013
22,0,3.717834758,3.376806691
23,0,3.959636499,3.679567276
24,0,3.923091226,3.691538598
25,0,3.265928148,4.444944876
26,0,3.450575393,5.237342219
27,0,3.151835088,4.895738957
28,0,1.987067895,6.461306593
29,0,2.487122263,6.285590480
30,0,1.749299294,7.357376567
31,0,2.252301491,6.605332510
32,0,1.894637098,7.070378817
33,0,2.064256571,6.618685436
34,0,1.814567739,8.481203431
35,0,1.814505791,10.327238499
36,0,1.701098644,10.233658850
37,0,1.855562438,9.623626601
38,0,1.788542115,9.437073174
39,0,1.800011867,9.302482027
40,0,2.045030904,8.643485529
41,0,2.044434410,8.381272978
42,0,1.895270654,8.883106080
43,0,2.110318341,9.641693558
44,0,2.065898929,9.836605551
45,0,2.075862632,7.886791738
46,0,2.296425448,8.581001077
47,0,2.321309616,8.204808026
48,0,2.364362561,6.754813121
49,0,2.375164345,6.316402553
50,0,2.276398074,5.008791958
51,0,2.022253135,7.073253937
52,0,2.201796203,4.622358664
53,0,1.920767075,4.860003652
54,0,2.291740936,4.835531298
55,0,2.716898289,4.369353709
56,0,3.295553877,4.274868222
57,0,3.109640696,4.253878632
58,0,2.972053568,3.424801560
59,0,3.126631325,3.652065875
60,0,3.125640991,4.039387946
61,0,3.173885882,3.527771088
62,0,2.586419646,4.617274922
63,0,3.306794839,4.201357483
64,0,3.354006326,4.050213883
65,0,2.999025429,3.820159290
66,0,2.841020265,4.119098025
67,0,2.582395947,3.411950943
68,0,3.363865564,3.773769202
69,0,3.255593396,3.480463362
70,0,3.268087829,3.739495620
71,0,3.351655076,3.535150048
72,0,3.568975556,3.677522892
73,0,3.723044082,3.976684891
74,0,2.596220945,4.066014695
75,0,3.563189345,4.455729274
76,0,3.262601910,3.971943323
77,0,3.641854692,4.081187323
78,0,3.425108055,3.603910526
79,0,3.568577685,3.775887457
80,0,3.329936279,3.467685824
81,0,3.329348569,3.660754282
82,0,3.324258868,3.469361693
83,0,3.326668922,3.623384953
84,0,3.316906804,3.873612629
85,0,3.648728507,4.358863949
86,0,3.610943397,4.070011621
87,0,3.528351570,3.768604770
88,0,3.246838484,3.964646743
89,0,3.253556498,3.587648766
90,0,3.323623178,4.098487423
91,0,3.370869931,4.370483559
92,0,3.546538947,3.869134863
93,0,3.351850531,4.209825981
94,0,3.661792722,4.456874589
95,0,3.297556026,4.701764333
96,0,3.160411605,4.348052392
97,0,3.306831568,3.798449043
98,0,3.635036956,3.379904037
99,0,2.145112181,2.042653001
100,0,2.274951825,2.054325695
101,0,2.922214869,2.637107990
102,0,2.854635800,3.569771000
103,0,3.207601427,3.296663084
104,0,3.141426704,3.438883828
105,0,3.229812714,4.573960759
106,0,2.463027608,1.596453776
107,0,2.910301504,1.943081420
108,0,2.786645192,1.894101185
109,0,2.676517705,1.631950103
110,0,2.737099165,2.177589875
111,0,3.219223813,1.935369262
112,0,2.967813022,1.928113957
113,0,3.155041148,2.339431748
114,0,3.349686317,2.371029184
115,0,1.604660592,1.802853518
116,0,2.367191125,1.738266436
117,0,2.468113072,2.581432540
118,0,2.431912328,3.034533914
119,0,2.861965712,2.367252337
120,0,2.640648045,2.724848368
121,0,2.866167660,2.170842330
122,0,2.742737691,2.327336740
123,0,3.031331452,3.441692890
124,0,1.416768012,3.121286769
125,0,2.397820070,2.644383612
126,0,2.472442108,2.876098055
127,0,2.137498910,1.351336564
128,0,2.513901530,1.405941503
129,0,2.444338823,1.770978994
130,0,2.880577317,2.684405383
131,0,2.876280370,2.632277718
132,0,3.066258119,1.918148445
133,0,-0.000000000,0.000000000
134,0,1.584962501,1.333333333
135,0,2.005376628,2.341463415
136,0,2.449314201,2.481586402
137,0,1.850997413,1.131034483
138,0,2.135165834,1.117211796
139,0,2.474260282,1.568691462
140,0,2.633173401,2.775770770
141,0,2.549487348,2.512536720
142,0,1.338343095,0.760071492
143,0,1.600419219,1.246030294
144,0,1.885052565,1.700007678
145,0,2.146257536,2.388836326
146,0,2.247591941,1.660947723
147,0,2.485016942,2.517729978
148,0,2.506135785,1.861133178
149,0,1.933704126,2.233067510
150,0,2.353479755,1.710087369
151,0,2.304438989,1.217338547
152,0,2.754678918,1.678475441
153,0,1.747741305,1.489233420
154,0,2.496749463,1.907381704
155,0,3.129831497,2.654288716
156,0,2.786253444,2.914476406
157,0,2.661501630,3.641429772
158,0,2.611261232,2.732181271
159,0,3.194769062,2.209700782
160,0,-0.000000000,0.000000000
161,0,1.799015671,1.368421053
162,0,1.500000000,2.000000000
163,0,2.571695404,3.041666667
164,0,2.741066434,3.935920578
165,0,2.683802905,4.278068645
166,0,2.885268332,4.737548733
167,0,2.486251159,4.375017011
168,0,2.574495488,1.766081700
169,0,2.707248239,2.438843987
170,0,2.910916815,3.342854856
171,0,2.360521505,2.156844905
172,0,2.438877576,1.550876157
173,0,2.258897257,1.724060482
174,0,2.485051394,1.598754296
175,0,2.279264031,1.610344984
176,0,2.158714170,1.310586166
177,0,2.395571252,1.432558941
178,0,1.547404221,1.294171937
179,0,1.590784844,1.798284462
180,0,2.541954047,2.823508867
181,0,2.633738475,3.561093370
182,0,2.463924154,2.384925680
183,0,2.689419250,1.962581968
184,0,2.365533073,2.043548587
185,0,2.649009697,1.953215657
186,0,2.163207272,1.974525136
187,0,2.336931384,2.425048732
188,0,2.282020952,2.615252092
189,0,2.878002165,3.020123662
190,0,3.247998107,2.990805277
191,0,3.042279532,3.091589763
192,0,3.257226887,2.910507172
193,0,3.159969167,3.179371552
194,0,2.625047495,4.296093698
195,0,2.592250583,4.267740955
196,0,1.529983187,1.106763035
197,0,2.086107779,1.410241527
198,0,2.100053452,1.579680313
199,0,2.540811555,1.604199594
200,0,1.977715154,1.035700083
201,0,2.150113756,2.095072113
202,0,1.919079654,0.797129377
203,0,2.549072873,1.668408606
204,0,2.054439595,1.692992884
205,0,2.314679810,1.182435039
206,0,1.930135048,1.214696735
207,0,2.182243725,2.088763647
208,0,2.740871264,1.740937600
209,0,2.573657828,1.601529642
210,0,2.789762359,2.675531016
211,0,3.012170034,2.606666933
212,0,2.768020572,2.057774553
213,0,3.023176875,1.742553015
214,0,2.204853215,0.925156537
215,0,2.357689327,1.677722613
216,0,3.462439576,2.909449296
217,0,3.460113102,3.985359064
218,0,3.679108822,3.562508326
219,0,3.614582033,3.410138039
220,0,3.548970879,2.860609412
221,0,3.170857382,2.575701207
222,0,3.258034152,3.544282588
223,0,3.506166541,2.870365399
224,0,3.410916273,2.649589663
225,0,3.208348882,3.386194264
226,0,3.022016134,3.892522889
227,0,2.829512233,3.712645363
228,0,2.942342857,4.651231146
229,0,3.016640048,5.711300006
230,0,2.631784395,4.698340730
231,0,3.106071328,3.998584815
232,0,3.186804914,3.629269124
233,0,1.946953087,2.812354172
234,0,2.251809671,1.556005136
235,0,1.296703022,0.987773409
236,0,1.430489207,0.589544502
237,0,1.562860774,1.780704937
238,0,1.191060663,1.738079169
239,0,1.460279756,1.940688725
240,0,2.008789410,2.918441809
241,0,2.496559602,2.323838699
242,0,2.355217897,2.834907527
243,0,3.176621415,3.658018006
244,0,2.884912204,2.853470025
245,0,2.571959968,2.501702602
246,0,2.479266734,1.707035838
247,0,2.442559791,1.445057158
248,0,2.429306371,1.569826612
249,0,2.463371983,2.232604746
250,0,2.509542199,1.648733215
251,0,1.579947030,1.368601743
252,0,1.822903505,2.149717890
253,0,2.350809027,1.524392645
254,0,2.202785042,1.546105851
255,0,2.118558892,1.649657989
256,0,2.365559417,1.497128831
257,0,2.499439325,1.691777382
258,0,2.385594593,1.447628378
259,0,2.218393237,1.805494420
260,0,2.181244349,1.300804931
261,0,1.995684301,1.885542393
262,0,2.147237058,2.428151394
263,0,1.537552906,1.278092709
264,0,2.076282019,2.042728238
265,0,2.159773973,1.649965641
266,0,1.434358230,1.259742983
267,0,2.038561914,1.204788628
268,0,2.259707976,2.063355072
269,0,2.462254973,1.678987780
270,0,2.298209060,1.426993916
271,0,1.918403943,1.739866375
272,0,2.272349568,1.482499847
273,0,2.031347483,1.174372529
274,0,1.489933032,1.213250441
275,0,1.888381444,1.222177961
276,0,1.659985598,1.104793436
277,0,1.826699929,2.014089924
278,0,1.719179496,1.440842740
279,0,2.072016802,1.240542164
280,0,2.267980876,1.729813762
281,0,2.037791645,1.172795361
282,0,2.254506722,1.673867000
283,0,2.022651356,1.161840654
284,0,1.755419447,1.889891904
285,0,1.885170151,1.104754397
286,0,1.973248069,1.363398955
287,0,2.100209650,1.254279262
288,0,1.231383937,0.886459618
289,0,1.469897254,1.603751685
290,0,2.065371055,2.327270406
291,0,2.151672570,1.769465128
292,0,2.151313824,1.285421035
293,0,2.167736922,1.789591657
294,0,2.156331482,1.291874738
295,0,2.506803209,1.889939172
296,0,2.072638386,1.624562675
297,0,2.251409684,1.337126817
298,0,2.109571410,1.280303404
299,0,2.164346097,1.491538008
300,0,2.124663825,2.025308426
301,0,2.510804600,1.777163793
302,0,2.254815852,1.382885119
303,0,1.903507890,1.242640807
304,0,1.353540528,1.105022287
305,0,1.501919809,2.013530447
306,0,1.720231028,1.146159177
307,0,1.968849844,2.048154478
308,0,1.753586462,1.131854363
309,0,1.883860798,1.920050541
310,0,1.551362091,1.334838634
311,0,2.443325167,1.587191054
312,0,2.250315897,1.878105199
313,0,2.183807874,1.887233456
314,0,2.026145685,1.887573130
315,0,2.498118234,1.666086320
316,0,2.349271904,1.737145591
317,0,2.187839166,2.162300485
318,0,2.905326793,2.185416565
319,0,2.579322425,1.691272526
320,0,2.389021790,2.138448750
321,0,3.256445102,2.516776520
322,0,2.271441426,1.974728546
323,0,1.711288424,1.462661653
324,0,2.365059532,1.851573999
325,0,2.442282518,1.583725291
326,0,1.688070122,1.547651930
327,0,2.466525569,1.952301516
328,0,2.377471839,2.344705265
329,0,2.169197938,1.419315183
330,0,2.321629603,1.528279064
331,0,2.434286980,1.534193909
332,0,2.357416968,1.725026781
333,0,2.535087761,2.623236686
334,0,2.258954473,1.477636347
335,0,2.616232726,2.104592446
336,0,2.559439074,1.889626795
337,0,2.231058018,1.757247861
338,0,2.178710875,1.307567829
339,0,2.176375611,1.429233994
340,0,2.148470200,1.148201891
341,0,0.198490991,0.123062922
342,0,1.464864876,1.192760348
343,0,1.990799638,0.995979651
344,0,1.806319239,0.885188634
345,0,1.903692808,1.353621425
346,0,1.873211747,1.056518069
347,0,2.017938730,2.067012134
348,0,2.618273860,1.582158359
349,0,2.470232782,2.163109041
350,0,2.519684747,1.703862723
351,0,2.403790150,2.110852374
352,0,2.408422678,2.568701798
353,0,2.477648449,2.848962113
354,0,2.028299991,2.260089397
355,0,1.796960551,1.751135344
356,0,1.531767215,2.356199824
357,0,2.090534773,1.466665586
358,0,2.431883055,1.630467711
359,0,2.259263818,1.764249391
360,0,1.716590998,1.393315098
361,0,0.184173019,0.055949892
362,0,1.000254786,1.000073444
363,0,1.901673096,2.235328777
364,0,1.371558897,1.159177446
365,0,1.694358678,1.677419507
366,0,2.359852058,2.428494463
367,0,2.275910241,2.081110789
368,0,2.198246732,1.537267295
369,0,3.015792906,2.313611414
370,0,2.927886188,3.085618266
371,0,2.764249894,3.026514446
372,0,1.424505572,1.224169380
373,0,2.179252958,1.409247453
374,0,2.381624840,1.791906296
375,0,2.484289629,1.536489568
376,0,1.030401188,1.072534515
377,0,1.951029023,1.347782644
378,0,2.321893458,1.499331956
379,0,1.983512920,1.945448085
380,0,2.070261694,1.698874677
381,0,2.017370438,2.948488943
382,0,1.623969058,1.562723779
383,0,1.426925373,0.881518722
384,0,2.002306938,1.469479245
385,0,2.087426269,2.500255136
386,0,2.435893825,2.288635506
387,0,2.086865892,2.972117071
388,0,2.611661547,2.205324243
389,0,2.690426572,1.857335923
390,0,2.656917898,2.699398112
391,0,2.460079914,1.908673845
392,0,2.466399811,1.841347914
393,0,2.533191840,2.088243561
394,0,2.262710281,2.861705142
395,0,2.950934119,2.384027406
396,0,2.983168467,3.266477655
397,0,2.701099542,4.194395415
398,0,3.234488743,3.482147893
399,0,2.834185932,3.828885828
400,0,2.902477543,3.301485823
401,0,3.007779689,2.817000628
402,0,3.279810000,2.616625397
403,0,3.085900380,2.544003440
404,0,1.765438573,1.789049821
405,0,2.250807217,2.228509927
406,0,3.022499332,3.014106531
407,0,2.970742965,3.692710477
408,0,3.281057005,4.788096466
409,0,3.296828700,3.950255304
410,0,3.512359368,3.600472365
411,0,3.437801638,3.241324205
412,0,3.573953822,3.397403694
413,0,3.747419398,3.595986047
414,0,3.415385398,3.826307962
415,0,3.295707667,3.236238972
416,0,3.490311503,3.386257700
417,0,3.235140698,2.414759780
418,0,2.941081306,2.503614837
419,0,3.155790655,2.966787731
420,0,3.152694385,2.083099472
421,0,3.375752356,2.615535409
422,0,3.466314337,2.909412243
423,0,2.946374126,2.101403428
424,0,3.134947184,1.897115347
425,0,2.852623152,1.659629523
426,0,2.927434612,2.062100847
427,0,2.846716301,1.785326182
428,0,3.038351923,2.034125710
429,0,2.909542846,2.735140039
430,0,3.097153364,2.994358029
431,0,2.951561985,3.885492350
432,0,3.039319156,4.507049507
433,0,-0.000000000,0.000000000
434,0,1.314320487,1.076923077
435,0,1.828894826,1.289473684
436,0,1.916086720,0.990820255
437,0,2.230643422,1.210014584
438,0,2.523419441,2.107718605
439,0,3.049642030,1.887606855
440,0,2.097741989,2.353534161
441,0,2.706075862,2.489134316
442,0,2.814732423,2.866867238
443,0,2.622097903,1.938920080
444,0,2.384335746,1.279291882
445,0,2.514547733,1.393569686
446,0,2.804279777,1.790716218
447,0,2.110091723,1.848207361
448,0,2.621168329,2.118625594
449,0,2.497813345,3.164471708
450,0,2.594908300,2.170157120
451,0,1.957046663,1.557938643
452,0,1.543586057,1.121644728
453,0,2.503909062,1.732953118
454,0,2.494390252,1.441224357
455,0,2.552785050,1.748474891
456,0,2.254719945,1.397230982
457,0,1.983828021,1.438815587
458,0,2.393256158,1.535299119
459,0,2.565483357,1.640037418
460,0,2.409723289,1.489294765
461,0,2.486443694,1.548071150
462,0,2.279105204,1.612932802
463,0,2.930603723,2.129266066
464,0,2.697372636,1.766300418
465,0,2.497039898,2.079500786
466,0,3.137257493,2.130933989
467,0,2.951728049,2.020881272
468,0,2.742557120,2.167850882
469,0,3.407351177,1.930415944
470,0,3.259898895,2.468489027
471,0,2.828961317,2.443850692
472,0,2.769998020,2.608963471
473,0,3.291083252,2.840737843
474,0,2.626025426,2.050669086
475,0,0.329605791,0.242181228
476,0,1.209946972,1.170808619
477,0,2.099948953,1.454420479
478,0,2.018406144,1.717337126
479,0,2.697533310,2.520681619
480,0,3.299205059,3.471572968
481,0,3.013204521,2.739191944
482,0,3.041472227,3.706868161
483,0,2.948641617,2.897598303
484,0,2.761201542,3.753180568
485,0,2.636125177,4.069755307
486,0,3.077864005,5.013455935
487,0,3.180669022,3.798135490
488,0,3.327271625,4.525194725
489,0,3.328911951,5.120838553
490,0,2.153664119,2.368542740
491,0,2.701812807,2.242272819
492,0,2.860618188,2.682012359
493,0,3.075981930,2.526636066
494,0,3.146075019,3.277947179
495,0,2.438370717,1.554848750
496,0,0.949121958,0.735994632
497,0,2.241491331,1.929330202
498,0,2.279506224,1.260703135
499,0,2.472792292,2.231832127
500,0,1.721799900,1.874563996
501,0,1.607674292,0.916127364
502,0,2.525774596,1.941426910
503,0,2.393432854,2.505618839
504,0,2.866860013,1.965964624
505,0,2.577997112,2.535932868
506,0,2.722916165,1.821221541
507,0,2.433872884,1.367582033
508,0,2.436091494,2.099816256
509,0,1.852509977,1.377693364
510,0,1.914046996,1.641682588
511,0,2.082901537,2.481971189
512,0,3.057535836,2.337786282
513,0,3.065976789,2.204909111
514,0,2.970220624,2.195878579
515,0,3.071398152,2.025153268
516,0,3.072644910,2.313918209
517,0,1.918777932,2.382094344
518,0,2.693644473,2.058445925
519,0,2.708642604,2.392768222
520,0,2.834373983,2.075723828
521,0,3.089378711,2.207995799
522,0,3.165504121,2.041568669
523,0,3.256012561,2.521462931
524,0,3.623476526,3.344597950
525,0,3.102827188,4.195650349
526,0,2.927349990,3.450031065
527,0,2.425055701,2.358738735
528,0,3.162431617,2.939584187
529,0,3.046684989,2.155897093
530,0,2.951805565,2.592852073
531,0,3.143127158,2.393715874
532,0,2.907836465,2.527517732
533,0,2.313685757,2.140682917
534,0,2.762602049,2.946660258
535,0,2.335607510,2.041852540
536,0,2.000657265,1.151183298
537,0,0.999988375,0.995985578
538,0,-0.000000000,0.000000000
539,0,1.000000000,1.000000000
540,0,1.918295834,2.000000000
541,0,2.256415820,2.020833333
542,0,2.380652837,2.205997392
543,0,2.428141361,1.667863297
544,0,2.566424887,1.680854064
545,0,2.670006020,1.871285931
546,0,2.847920138,2.555062466
547,0,3.048176092,2.220005908
548,0,2.731450389,1.945609963
549,0,2.590271018,1.661040461
550,0,1.635644759,1.137498310
551,0,1.378220703,0.887367311
552,0,0.853148978,0.536472901
553,0,0.039455959,0.016926193
554,0,1.019766565,1.006360780
555,0,0.030939462,0.012708089
556,0,1.030939462,1.012708089
557,0,1.223332748,0.514579970
558,0,1.744323885,1.193569032
559,0,1.279080014,1.742183611
560,0,1.785246644,1.940728670
561,0,1.938011456,1.124937487
562,0,1.818062557,1.936527760
563,0,1.952549219,1.329130210
564,0,1.871429273,1.584188818
565,0,2.473040777,2.412176743
566,0,2.696928702,2.065383577
567,0,2.506687685,2.126977673
568,0,2.241683110,2.013941580
569,0,2.740995860,2.420199810
570,0,2.474521079,3.101855089
571,0,3.018209531,2.912925734
572,0,2.864393200,3.008193772
573,0,2.333906638,2.688697732
574,0,2.706159952,2.122569188
575,0,3.316594690,2.778143548
576,0,3.081772007,2.442533547
577,0,2.897578174,2.334792214
578,0,3.043704815,2.257805012
579,0,3.330873457,2.779372855
580,0,3.112817133,2.486513895
581,0,3.163391904,2.669698880
582,0,3.122081231,2.949253528
583,0,3.531697525,3.598401390
584,0,3.386983945,3.189199396
585,0,3.333932058,3.383857590
586,0,3.075017214,3.219412793
587,0,3.250360770,3.686289103
588,0,3.178922939,3.616664834
589,0,3.290579175,3.937412455
590,0,2.943390488,4.006293182
591,0,2.715399825,3.351375269
592,0,3.084365762,3.816241028
593,0,3.241154002,4.560319146
594,0,3.599052956,5.349683348
595,0,3.391780782,5.034363321
596,0,2.783048634,4.518466865
597,0,2.554589413,3.738734817
598,0,3.417339948,3.916726111
599,0,3.138181131,3.614793733
600,0,2.704841276,2.925004124
601,0,2.475571555,2.592836166
602,0,2.445647295,2.398993940
603,0,3.116656355,2.844886735
604,0,2.699005413,2.000880919
605,0,0.699543846,0.756321764
606,0,1.479694369,1.324980469
607,0,2.105586267,2.147230096
608,0,2.224007969,3.000000000
609,0,1.883881470,2.198925071
610,0,2.266861617,1.534884922
611,0,2.255174909,2.160558903
612,0,2.839486808,2.029508862
613,0,2.713942036,2.341174586
614,0,2.888331309,2.286627071
615,0,2.221607815,2.657240016
616,0,2.788037296,3.678343176
617,0,3.221562292,3.137003698
618,0,3.422295961,3.902326223
619,0,3.198153268,4.785690068
620,0,3.377959031,5.609042675
621,0,3.282141113,4.711474766
622,0,3.356768491,5.000149510
623,0,2.450346182,3.794296008
624,0,3.064681241,4.236755045
625,0,3.207712279,3.760844540
626,0,3.113684165,4.273122709
627,0,2.986958977,4.934070396
628,0,3.051827452,4.977220557
629,0,3.397103429,4.083200842
630,0,3.277963652,4.418323754
631,0,3.571358566,3.679266153
632,0,3.333339155,3.055393712
633,0,2.627046978,1.869670907
634,0,2.432484520,1.719731784
635,0,2.622937459,1.721648547
636,0,2.585798302,2.016180677
637,0,2.382222810,2.143500796
638,0,2.113526222,1.329075651
639,0,2.144061278,2.018221183
640,0,1.612464397,1.535306374
641,0,2.568753564,2.816940123
642,0,2.928324294,3.196972457
643,0,3.001403242,3.286404893
644,0,2.708232167,3.408616868
645,0,3.215757369,4.361735654
646,0,2.285657865,3.518412885
647,0,2.883576395,4.782001692
648,0,2.733599077,3.382690400
649,0,3.062922235,3.311324726
650,0,3.057263361,3.061495086
651,0,3.060933215,4.364120335
652,0,3.483941381,3.879497224
653,0,3.722168888,2.945502642
654,0,3.372854663,3.084749606
655,0,3.575428774,4.300270317
656,0,3.797648897,4.071431490
657,0,3.408129887,2.645936092
658,0,3.076102593,2.420996087
659,0,3.482461198,2.250923520
660,0,3.533769678,2.845639056
661,0,3.506267504,2.315503925
662,0,2.999545086,2.200443110
663,0,3.289462564,2.707046579
664,0,1.666350481,1.447070228
665,0,2.308035078,1.877583824
666,0,1.959754208,1.391987933
667,0,2.728308441,1.737873818
668,0,2.907863648,2.183285380
669,0,3.313534169,2.411779519
670,0,3.101930507,3.237430283
671,0,3.296053756,2.648705282
672,0,3.458062363,3.609442245
673,0,3.891404533,3.607488144
674,0,3.525828744,4.018300357
675,0,3.012032420,2.790596584
676,0,2.669844266,1.901339616
677,0,2.819957510,2.067419583
678,0,2.620381499,2.124204218
679,0,2.361747538,1.865347513
680,0,2.554664463,2.552538076
681,0,2.911653147,1.966302367
682,0,2.634499598,2.061628922
683,0,2.579743813,1.708297160
684,0,2.570926658,1.956883211
685,0,2.087283533,2.740988823
686,0,2.528459011,2.027051011
687,0,2.597102348,2.765647124
688,0,2.583833857,2.799081940
689,0,2.584736227,1.830557753
690,0,2.309445962,2.518317071
691,0,2.299179639,1.379581898
692,0,2.503178594,2.328677668
693,0,2.089328808,1.683209954
694,0,3.057972282,1.981625098
695,0,2.879549563,2.323006110
696,0,2.760011017,3.025009147
697,0,2.606799077,1.962635230
698,0,2.581880309,1.712824981
699,0,2.546989759,1.681374792
700,0,2.826708001,2.058026126
701,0,2.622167799,1.698567602
702,0,2.200140724,2.767711205
703,0,1.926021067,1.573359857
704,0,2.501236287,2.303330628
705,0,2.522174085,1.995228514
706,0,2.529026452,2.667873374
707,0,2.603677311,1.944117016
708,0,2.038200098,1.619070512
709,0,2.926428749,1.975553410
710,0,2.690716315,1.838255173
711,0,3.092729035,1.896434556
712,0,2.715334612,2.138249825
713,0,2.283274359,2.097444746
714,0,2.390832523,3.242702539
715,0,3.324881354,4.270103936
716,0,3.389823892,3.666349525
717,0,3.228347333,4.439097336
718,0,3.222864346,4.849880188
719,0,3.314650805,6.303473124
720,0,2.626819502,7.274838615
721,0,2.441937179,8.914479982
722,0,2.713920887,7.243459373
723,0,2.479895600,8.891140903
724,0,2.157525346,8.605605317
725,0,2.019623860,1.614203739
726,0,2.572442513,2.182839494
727,0,2.443685424,2.217799307
728,0,2.782378679,2.333820169
729,0,2.791716564,2.190285790
730,0,2.592082322,1.875207694
731,0,2.890912687,2.601294313
732,0,2.690320641,3.734202276
733,0,3.014638810,2.925413391
734,0,3.251881962,3.864818770
735,0,2.700669268,3.066381228
736,0,3.297194955,3.036610703
737,0,2.510964349,2.613053296
738,0,2.907399200,2.818916687
739,0,3.024484232,2.903359300
740,0,3.021832761,4.049785397
741,0,3.253553866,4.782683575
742,0,3.213129913,4.321593807
743,0,3.408761675,3.593449317
744,0,3.328627317,3.284841331
745,0,3.756563139,3.553171697
746,0,3.391522757,3.834346602
747,0,3.756578802,3.877915543
748,0,3.455801509,3.962543976
749,0,3.691102119,3.817492517
750,0,3.617459592,3.336779696
751,0,2.124159125,3.750305615
752,0,2.730818362,3.595791065
753,0,2.739229978,3.485536385
754,0,2.762019248,4.161051057
755,0,2.845178140,3.479001269
756,0,2.869293662,3.805301788
757,0,3.045317858,4.555476221
758,0,3.248054061,4.170852687
759,0,2.748266289,4.109695931
760,0,3.219683724,5.098676720
761,0,3.629325293,4.527790547
762,0,3.546866440,3.916378993
763,0,3.658965990,3.708113127
764,0,3.537204969,3.976989423
765,0,3.498036761,3.559671044
766,0,3.378397506,4.060213972
767,0,3.404469859,4.081871148
768,0,3.263602249,3.630594820
769,0,2.788638981,3.899425034
770,0,3.280194358,4.171865657
771,0,3.359948856,4.836374458
772,0,3.300918110,5.424290597
773,0,2.528129937,4.072668139
774,0,3.460179378,4.859213085
775,0,3.266844226,3.957231945
776,0,3.493973523,3.593952954
777,0,3.501604503,3.766618094
778,0,3.434265430,3.630747760
779,0,3.031140426,3.871411220
780,0,3.653661239,3.931943335
781,0,3.479464217,4.030625427
782,0,3.065700802,3.974003595
783,0,2.974562610,4.276084528
784,0,3.737879873,4.886872463
785,0,3.596140831,4.493827061
786,0,3.625755513,5.162330405
787,0,3.612437110,4.457425000
788,0,3.496919807,4.836273588
789,0,3.615913117,4.239751160
790,0,2.472466227,4.736364254
791,0,2.729476703,3.984914796
792,0,3.089882717,3.754404187
793,0,3.286417147,4.072884038
794,0,3.012536052,3.674604522
795,0,3.296138373,3.580856677
796,0,3.267812212,3.371701867
797,0,3.223301302,3.343059766
798,0,2.646668853,3.633934360
799,0,2.972142492,2.842330498
800,0,3.065803262,2.724411180
801,0,3.280970797,2.912257504
802,0,2.598245717,2.412204357
803,0,2.860098626,2.163622704
804,0,2.537752185,2.088430677
805,0,1.399981843,1.425336391
806,0,2.458796587,2.004176157
807,0,2.579145600,2.406091152
808,0,2.206170268,2.315655926
809,0,1.726300249,1.705339691
810,0,1.459663871,1.340143958
811,0,2.500357322,1.879243974
812,0,2.414073681,1.971898741
813,0,2.568243522,1.638378921
814,0,2.555091366,1.705652982
815,0,2.758166872,2.072486165
816,0,2.517100750,3.041796046
817,0,1.357010771,3.382912340
818,0,1.999366966,4.187629256
819,0,2.579059339,3.580420837
820,0,2.456702736,3.859712747
821,0,2.555108340,4.967481264
822,0,2.500513167,5.549598732
823,0,2.599599684,3.384199642
824,0,2.413820981,1.904628924
825,0,1.440358759,1.621821524
826,0,2.150507512,2.375494876
827,0,2.754219413,3.203458995
828,0,2.698515360,4.594350083
829,0,1.727636739,4.313529095
830,0,2.744884717,5.183874113
831,0,2.581440145,3.848415026
832,0,1.296719911,3.147633467
833,0,2.086355716,4.191833688
834,0,2.752563942,5.115672377
835,0,2.537226881,4.175048516
836,0,1.937029592,2.888720455
837,0,2.741004034,3.480741083
838,0,2.334294247,1.915077505
839,0,2.262422107,1.375199603
840,0,2.703954684,1.983109693
841,0,2.464680239,2.354207732
842,0,2.795984120,3.154432365
843,0,0.948720312,1.265032819
844,0,1.901202605,2.176688546
845,0,1.842667570,3.302894651
846,0,2.308490292,2.333855833
847,0,0.995197587,1.081548560
848,0,1.773642450,1.076923077
849,0,2.459204557,1.667215828
850,0,1.529337988,0.747826087
851,0,2.511748693,1.815450273
852,0,2.218083612,2.064996981
853,0,0.999967661,0.993304357
854,0,1.775844022,1.993819407
855,0,2.298783173,1.621652179
856,0,2.649496299,1.739130435
857,0,2.911625285,2.171025473
858,0,3.376872169,2.827902131
859,0,2.942170185,3.183829949
860,0,2.963176507,2.649000679
861,0,2.522755145,1.875403363
862,0,2.245176481,2.494329340
863,0,3.238302621,3.374242978
864,0,3.330019313,3.164991195
865,0,3.215343081,3.443155296
866,0,2.952660267,4.039107860
867,0,2.778242437,3.126718311
868,0,2.824110686,2.595790034
869,0,2.756379788,3.114107777
870,0,3.448885585,4.240602592
871,0,3.253754078,3.522980427
872,0,2.818184978,4.001894944
873,0,2.511623204,3.383156787
874,0,3.188565521,3.372012056
875,0,3.257397294,2.767062797
876,0,3.536869889,2.785756853
877,0,3.621844786,3.121549104
878,0,3.526022937,3.207206621
879,0,3.212371011,3.504387130
880,0,3.312149646,3.246667379
881,0,3.049976745,3.527698092
882,0,3.277965552,4.326079763
883,0,3.461392213,3.925948272
884,0,3.403009516,3.804437771
885,0,3.406528945,3.943422743
886,0,3.513358444,4.279995112
887,0,3.324282789,4.070912162
888,0,3.283565483,4.124538000
889,0,3.039548907,4.704195152
890,0,3.567253283,5.398702923
891,0,3.343347408,6.027732240
892,0,3.199341419,5.496492933
893,0,3.247244844,4.669311769
894,0,3.571742463,4.502060810
895,0,3.355937453,4.610781037
896,0,3.042282232,5.937941157
897,0,3.164799204,4.653082070
898,0,3.241914484,3.982865632
899,0,3.375707759,4.431159837
900,0,3.283602357,4.712683017
901,0,3.780380989,5.499913586
902,0,3.397794855,6.099368067
903,0,3.801517695,5.451321691
904,0,3.351967029,6.931567549
905,0,2.885783752,4.813889800
906,0,3.326198964,6.040832026
907,0,3.347727478,4.705375706
908,0,3.353524414,4.494377290
909,0,3.464968733,4.161731513
910,0,3.340865832,3.793503946
911,0,3.694383561,3.843791976
912,0,3.350881111,3.824877111
913,0,3.282201954,3.776363214
914,0,2.288113553,3.464837745
915,0,3.244472870,3.079134152
916,0,3.403273260,2.882990730
917,0,3.257099185,2.608948603
918,0,2.877731803,2.449705327
919,0,3.045913581,3.010960024
920,0,3.489011527,2.912474904
921,0,3.220184488,3.118937086
922,0,3.275295132,3.256902420
923,0,3.295411726,2.603660085
924,0,2.923069953,2.233889353
925,0,2.516387339,2.531418411
926,0,3.509769992,2.951249175
927,0,1.988239887,1.943593185
928,0,1.571267106,1.424947222
929,0,1.947401371,1.229323200
930,0,1.944802955,1.403665091
931,0,0.999826160,0.984476368
932,0,1.775778715,1.985670494
933,0,2.460438325,1.687531190
934,0,-0.000000000,0.000000000
935,0,1.000000000,1.000000000
936,0,1.775858948,1.076923077
937,0,1.863120569,1.571428571
938,0,2.876953520,1.833333333
939,0,2.608105923,1.812126156
940,0,2.392600133,1.461264351
941,0,1.000000000,1.000000000
942,0,1.918295834,1.333333333
943,0,1.538596444,1.123287671
944,0,1.939408402,2.063725490
945,0,2.340487023,1.642205377
946,0,1.815443213,1.241090000
947,0,2.501886043,1.744320970
948,0,1.548616559,0.762257626
949,0,1.000000000,1.000000000
950,0,1.500000000,2.000000000
951,0,2.483355755,1.750000000
952,0,1.958660334,1.285714286
953,0,2.381444660,1.680689306
954,0,2.164835359,2.375136314
955,0,3.185132111,3.312568157
956,0,2.930313653,4.030354700
957,0,2.849280206,5.019185128
958,0,2.293172453,4.000000000
959,0,2.741509752,3.457436721
960,0,2.913552523,4.073598958
961,0,3.060056825,3.443229179
962,0,3.104636056,4.287546259
963,0,2.547129922,3.464650527
964,0,3.214507429,4.293589047
965,0,3.709562101,3.853701532
966,0,3.580268638,4.603659891
967,0,3.706511829,5.555937911
968,0,3.469126812,5.074280197
969,0,3.567765883,5.612693153
970,0,3.523255270,5.170023659
971,0,3.681922652,5.653128705
972,0,3.759017736,6.193169066
973,0,2.677598903,5.923755710
974,0,2.746049362,4.960014327
975,0,3.359277484,6.003497982
976,0,3.767997241,6.334676775
977,0,3.577058762,6.996986360
978,0,3.779739098,6.166740780
979,0,3.628742368,5.888728219
980,0,3.393602116,5.101657429
981,0,3.413673029,4.918002987
982,0,3.349382530,5.513385339
983,0,3.065647466,6.331510438
984,0,3.200349475,7.836310956
985,0,3.801505592,6.091804676
986,0,2.779200585,4.446964009
987,0,2.957556198,4.311674157
988,0,2.753568680,4.362312806
989,0,3.366840617,4.452167339
990,0,3.196075832,4.737907571
991,0,3.228158864,4.861363784
992,0,3.289251507,5.121764817
993,0,2.925361810,4.277335172
994,0,2.902634212,3.667337021
995,0,3.438748458,4.164128946
996,0,3.420586808,4.196196139
997,0,3.440856463,4.698613764
998,0,3.582036955,4.585069309
999,0,3.619826385,4.226477183
1000,0,3.438055359,3.915235695
1001,0,2.535537967,3.262438781
1002,0,3.531115468,3.355844217
1003,0,1.946114166,2.348365637
1004,0,2.960778826,2.862211103
1005,0,2.516880100,2.782948175
1006,0,3.515225994,2.799673982
1007,0,3.251154187,2.767751811
1008,0,3.482908044,2.807790244
1009,0,3.227615787,3.237802160
1010,0,3.289772019,3.391626499
1011,0,3.447970910,4.086438720
1012,0,3.688234024,4.848762692
1013,0,3.541711821,4.234597547
1014,0,3.728292509,3.945600089
1015,0,2.615259692,4.168420936
1016,0,2.283983085,4.424300974
1017,0,1.794502853,4.441544922
1018,0,2.719440136,5.364972092
1019,0,2.627293980,6.667269684
1020,0,3.290955237,6.276817849
1021,0,3.133876858,5.948583827
1022,0,3.313757777,6.517953921
1023,0,3.129850239,7.237418532
1024,0,3.789280031,8.050339744
1025,0,3.621437189,7.230494549
1026,0,3.763425240,6.839329698
1027,0,3.456676433,6.154628490
1028,0,3.487207905,6.346960384
1029,0,3.477209771,6.380252759
1030,0,3.161807982,7.318906864
1031,0,2.848132145,4.416655438
1032,0,3.060146482,4.273123417
1033,0,3.122844972,3.935142503
1034,0,3.105178677,4.074404549
1035,0,2.100776238,3.731210644
1036,0,2.812360853,4.179196192
1037,0,3.310820075,4.346460496
1038,0,3.126577587,4.052194034
1039,0,3.441443008,4.010358364
1040,0,3.121753208,4.637718124
1041,0,2.905080737,4.246021139
1042,0,2.707779776,3.870780126
1043,0,3.137887483,3.199936460
1044,0,3.094547261,2.621665413
1045,0,3.540347695,3.196114721
1046,0,3.552115224,3.843071744
1047,0,3.520887579,3.510509334
1048,0,3.512019930,3.588570944
1049,0,3.463137464,3.357594380
1050,0,3.385008932,3.115591554
1051,0,3.333688931,2.748080705
1052,0,3.456125724,3.148801600
1053,0,3.787822540,3.368957248
1054,0,3.506613169,3.556998502
1055,0,3.805986036,3.341961646
1056,0,3.609274003,3.262102807
1057,0,3.396564061,3.320592475
1058,0,3.410315755,3.388482148
1059,0,3.714587095,3.880013019
1060,0,1.999500171,3.578675937
1061,0,2.824268508,3.528971039
1062,0,2.969598754,2.373897722
1063,0,1.540015732,1.173428661
1064,0,2.577006035,1.983786912
1065,0,2.410957374,2.410812607
1066,0,2.047806848,1.426646664
1067,0,1.778196297,1.064026866
1068,0,2.135329812,1.207694158
1069,0,1.091534311,1.123240204
1070,0,1.298184139,0.580262163
1071,0,1.266680506,1.072966680
1072,0,-0.000000000,0.000000000
1073,0,1.000000000,1.000000000
1074,0,1.775858948,2.000000000
1075,0,1.863120569,1.571428571
1076,0,2.876953520,2.464285714
1077,0,2.565636638,1.788963460
1078,0,2.657781050,1.770291761
1079,0,2.422958510,1.608362447
1080,0,2.697224611,1.931772887
1081,0,2.416561229,1.932758376
1082,0,2.559006243,1.754019431
1083,0,2.519622070,1.888541988
1084,0,3.033347183,2.600465933
1085,0,2.713576389,3.021518768
1086,0,2.779920682,2.298007703
1087,0,2.774474627,2.099303351
1088,0,2.541120439,1.958603989
1089,0,2.227615720,1.383364768
1090,0,2.426835276,2.130084966
1091,0,2.445026539,2.252085741
1092,0,2.564025834,1.469281844
1093,0,2.714139187,2.277764970
1094,0,2.438506421,3.088900146
1095,0,3.014859139,3.336856965
1096,0,2.754466473,3.128657116
1097,0,2.689052253,3.524759314
1098,0,2.544824910,2.360719215
1099,0,2.525640142,2.444882259
1100,0,2.661327188,1.778981042
1101,0,2.491671993,2.209284171
1102,0,2.617292766,2.982078384
1103,0,0.791638246,0.475789490
1104,0,0.706154395,0.384381533
1105,0,0.991949933,0.893731065
1106,0,1.915689821,1.333360306
1107,0,1.738864180,0.943334062
1108,0,1.600738939,1.115078779
1109,0,1.595361008,0.890900457
1110,0,1.577259850,1.889253830
1111,0,1.802883113,1.477936037
1112,0,1.653703635,0.958007194
1113,0,1.379711589,1.257300915
1114,0,1.256806596,1.409230883
1115,0,1.938845514,1.334528148
1116,0,1.796310315,1.597621651
1117,0,0.652865449,0.319016989
1118,0,1.476322345,1.778013456
1119,0,1.745992555,1.173649586
1120,0,1.901982401,0.997787796
1121,0,2.054802183,1.187713755
1122,0,2.078342053,1.520254597
1123,0,2.058418414,1.196591447
1124,0,1.318095234,0.811743167
1125,0,1.560654464,1.092351966
1126,0,1.799462347,1.895518465
1127,0,2.399276927,1.505966145
1128,0,2.484002553,1.987624718
1129,0,2.899576831,2.777409145
1130,0,2.833660079,3.691614465
1131,0,2.644896029,2.447173358
1132,0,2.589007408,3.260614026
1133,0,2.607832492,3.837815128
1134,0,2.572525089,4.239365427
1135,0,2.651157111,3.442568906
1136,0,2.677960542,2.471850762
1137,0,2.685110423,2.214023690
1138,0,2.794678807,2.900093745
1139,0,3.169000866,2.574148470
1140,0,2.044645383,2.185030620
1141,0,2.684044771,1.975690484
1142,0,3.162835002,2.271255646
1143,0,3.043475653,2.563150401
1144,0,2.683517280,2.490597506
1145,0,2.836448418,3.458168814
1146,0,2.820984528,4.069341808
1147,0,2.156017085,2.645402624
1148,0,2.508850084,3.450076766
1149,0,2.695040050,2.502062712
1150,0,2.828736496,3.247445415
1151,0,2.089908755,2.712376260
1152,0,2.657080457,2.360849080
1153,0,1.956401649,2.013869098
1154,0,2.961416246,3.138720014
1155,0,2.810772444,2.669190895
1156,0,3.049408445,2.419866008
1157,0,2.973536929,2.105038350
1158,0,3.122993623,2.520816565
1159,0,2.838904829,2.609997924
1160,0,2.897729579,2.714862381
1161,0,2.954701018,2.240251347
1162,0,3.290080490,2.387876507
1163,0,2.249508231,2.038544399
1164,0,2.309125018,2.102165538
1165,0,2.339886386,2.266833616
1166,0,2.266035557,2.444736010
1167,0,2.936826617,2.375236492
1168,0,2.367731021,2.254195340
1169,0,2.311175911,2.614741876
1170,0,2.890389540,3.217160326
1171,0,3.005144269,2.789954538
1172,0,2.998249461,2.407854533
1173,0,3.018458235,2.862491020
1174,0,2.310066740,2.553700176
1175,0,2.868299023,3.156901368
1176,0,3.011541369,3.605658029
1177,0,3.442111100,3.144373653
1178,0,3.406747020,3.650146794
1179,0,3.591162929,3.064259797
1180,0,2.965534472,2.333379752
1181,0,2.917616478,2.968685823
1182,0,3.015815861,2.764515423
1183,0,2.865236307,3.564578697
1184,0,0.401954873,0.957261536
1185,0,1.855732997,3.907403184
1186,0,2.178276202,3.553039875
1187,0,3.089669546,4.270595563
1188,0,3.253009446,4.893259547
1189,0,3.160597094,3.399125601
1190,0,2.894488170,2.017380425
1191,0,3.207188595,2.334865279
1192,0,3.298531479,2.777698223
1193,0,3.423501556,2.598707576
1194,0,2.060610970,2.356577204
1195,0,3.070388197,2.289622365
1196,0,2.813721850,2.504150005
1197,0,2.629369936,1.913862027
1198,0,1.966664899,1.872642661
1199,0,2.451148514,1.563441159
1200,0,2.613640349,1.685821139
1201,0,1.614732064,1.471640519
1202,0,2.275899847,1.431406397
1203,0,2.127874751,1.488937101
1204,0,2.373524555,1.631377246
1205,0,2.386718882,1.475154884
1206,0,2.792120319,2.171918039
1207,0,3.021548709,2.204534352
1208,0,2.955466907,2.808917990
1209,0,1.882203822,2.259972856
1210,0,1.947638837,1.959383658
1211,0,2.515936895,2.341589512
1212,0,2.824487090,2.224655842
1213,0,1.920004279,2.130244455
1214,0,2.900154788,2.013548579
1215,0,2.889143738,2.208321707
1216,0,1.964163404,1.995330308
1217,0,3.004759997,2.286927398
1218,0,1.905664588,1.531803097
1219,0,2.628973522,1.825770202
1220,0,2.120967530,1.680630799
1221,0,1.960950860,2.343588977
1222,0,1.234922978,1.000000000
1223,0,2.380479733,1.500223701
1224,0,2.365818934,2.186251607
1225,0,2.825916816,1.682615541
1226,0,2.872344812,2.128775885
1227,0,3.309561867,1.972664129
1228,0,2.981698971,1.530451725
1229,0,2.908839876,2.152877049
1230,0,2.990122613,1.845384235
1231,0,2.901713746,2.474753631
1232,0,2.964528382,2.141168944
1233,0,2.423262352,2.066805858
1234,0,2.746939665,2.368220441
1235,0,2.238585760,1.772822109
1236,0,2.714654310,2.998670445
1237,0,3.038957825,2.562277502
1238,0,3.118295306,2.127657756
1239,0,3.210529802,1.928730715
1240,0,3.576032860,3.261660350
1241,0,3.883466112,3.073051651
1242,0,3.744649619,3.796637837
1243,0,3.586620385,2.943944326
1244,0,3.757660668,3.874158103
1245,0,3.148485801,2.597443311
1246,0,2.802343307,3.241516834
1247,0,2.758061954,2.224324155
1248,0,2.447022976,1.803736176
1249,0,2.821563839,2.634045616
1250,0,3.176422051,2.291954572
1251,0,3.220430231,2.706272934
1252,0,3.162961609,2.316122756
1253,0,3.182057499,2.537355066
1254,0,3.307613116,2.346527120
1255,0,3.125111224,2.406720630
1256,0,2.902609472,1.961435285
1257,0,2.814173182,2.207359202
1258,0,2.755780058,1.870479837
1259,0,2.632501459,2.316846804
1260,0,2.547438481,1.845028141
1261,0,2.662166719,2.273014565
1262,0,1.850973042,3.776375335
1263,0,1.038329342,2.022068952
1264,0,2.343335088,3.012672499
1265,0,2.129446972,2.806453026
1266,0,3.014384762,3.585299376
1267,0,2.880152752,4.330090993
1268,0,2.628013212,4.109625053
1269,0,2.924955602,3.584508715
1270,0,2.992769267,2.832075435
1271,0,2.613172928,2.694172693
1272,0,2.288102702,2.659524907
1273,0,2.359356851,2.942948065
1274,0,1.569866828,2.207691061
1275,0,2.241293481,2.134571227
1276,0,2.488403703,1.859603060
1277,0,2.539018766,1.801587302
1278,0,2.428362091,2.232091691
1279,0,2.578935696,3.054389313
1280,0,2.299001900,1.448967149
1281,0,2.668551317,3.017710804
1282,0,2.438389519,2.594074578
1283,0,1.844887592,1.534376484
1284,0,2.673197151,2.531269838
1285,0,3.111071792,2.085826481
1286,0,3.212747900,1.965579652
1287,0,3.252942032,2.404731779
1288,0,3.068264586,1.858863962
1289,0,3.260704507,2.441302861
1290,0,3.098204716,1.970113466
1291,0,2.933706317,1.931657964
1292,0,2.873641222,2.366377157
1293,0,1.525407608,2.592529901
1294,0,1.023719814,1.190288002
1295,0,1.231718298,0.539242847
1296,0,1.933800506,1.292892709
1297,0,2.132119002,1.456634236
1298,0,2.159503250,1.708327031
1299,0,2.198166710,2.339834932
1300,0,2.222829882,3.126771320
1301,0,2.379069559,2.510134445
1302,0,2.253410567,2.181586375
1303,0,2.476423541,2.098850530
1304,0,2.767910627,2.865217153
1305,0,2.603593825,1.799520761
1306,0,2.938253632,1.646434588
1307,0,2.403878455,1.831310491
1308,0,2.551335158,1.480732837
1309,0,2.869434500,1.966281844
1310,0,2.714725449,2.949704380
1311,0,1.078703454,1.251331331
1312,0,1.904074689,1.519631042
1313,0,2.314294681,2.019523850
1314,0,2.234114242,1.779013982
1315,0,1.149673861,1.537859982
1316,0,1.946674163,1.199598713
1317,0,2.386694389,1.463386528
1318,0,2.520131601,1.707074311
1319,0,1.356219510,0.910539992
1320,0,1.852765336,0.881719754
1321,0,2.277190863,1.577702001
1322,0,2.517310683,1.472960696
1323,0,1.881125258,1.519336629
1324,0,2.306888428,1.703632115
1325,0,2.057795318,1.135921302
1326,0,2.078065528,1.859478171
1327,0,1.972199470,2.615281660
1328,0,1.706295708,1.822971968
1329,0,2.593655241,1.754514710
1330,0,2.029132485,1.352871892
1331,0,1.157330453,1.073448652
1332,0,2.038890769,2.049945048
1333,0,1.909763651,1.562855440
1334,0,2.511171359,1.594278328
1335,0,2.344914053,2.261971828
1336,0,2.077469187,1.381589268
1337,0,2.132612250,2.250777108
1338,0,2.460867905,2.434896173
1339,0,2.362792109,1.651472934
1340,0,2.850409758,2.683861416
1341,0,2.720409951,2.188516196
1342,0,2.834111956,3.134692722
1343,0,2.778168816,2.126761106
1344,0,2.711686999,2.444985105
1345,0,2.484376804,1.747575350
1346,0,2.721264186,1.603331266
1347,0,2.520194397,1.462863215
1348,0,2.612739479,1.508705972
1349,0,2.134742893,2.097054988
1350,0,2.530597375,1.568419904
1351,0,2.988754705,1.796525787
1352,0,2.847113876,1.855082969
1353,0,2.626245086,1.904094976
1354,0,2.668240193,1.679086008
1355,0,2.821973925,2.051651881
1356,0,2.905279338,1.854443633
1357,0,3.287746404,2.665106491
1358,0,3.247185815,2.281444314
1359,0,3.127828193,2.636565121
1360,0,3.444864324,2.445622941
1361,0,3.212426633,2.853477128
1362,0,2.973957415,3.019361987
1363,0,2.583601901,3.425154298
1364,0,2.813712969,4.521276308
1365,0,3.221164541,5.497898480
1366,0,2.608265364,6.601875515
1367,0,3.233645219,5.777925622
1368,0,3.622921079,4.918833115
1369,0,3.269320254,5.450617462
1370,0,2.586162197,3.854961397
1371,0,2.727491065,3.175879505
1372,0,2.263736857,1.576502836
1373,0,2.885136632,1.608799156
1374,0,2.960881081,2.223945182
1375,0,3.465260674,2.791556623
1376,0,3.104845225,2.030566431
1377,0,3.251077195,2.221252749
1378,0,3.084105601,2.648973224
1379,0,2.822322848,2.705480293
1380,0,3.062636721,2.180091806
1381,0,3.241249044,2.523999324
1382,0,2.644419888,1.376156373
1383,0,-0.000000000,0.000000000
1384,0,1.584962501,1.333333333
1385,0,2.042107318,1.860465116
1386,0,1.784281325,2.153846154
1387,0,2.331683277,2.126232742
1388,0,2.690415253,2.626408010
1389,0,-0.000000000,0.000000000
1390,0,-0.000000000,0.000000000
1391,0,1.314320487,1.076923077
1392,0,1.054032776,0.394904459
1393,0,1.255442995,0.529485571
1394,0,2.227003204,1.710880902
1395,0,1.434106238,2.724277466
1396,0,2.095542471,1.300852175
1397,0,2.240997923,1.706745604
1398,0,2.392826371,2.513288870
1399,0,2.469621676,3.546297457
1400,0,2.500477442,2.344403263
1401,0,2.487593251,2.464913739
1402,0,2.398008371,1.549984019
1403,0,2.372013166,1.479449276
1404,0,2.029239684,1.038541179
1405,0,1.974071723,1.396587574
1406,0,2.168550040,1.229134523
1407,0,0.842891174,0.541993356
1408,0,1.703347182,1.076923077
1409,0,0.983121056,1.152668881
1410,0,1.768068667,2.140925121
1411,0,1.856375330,1.658667932
1412,0,1.893949673,2.533139419
1413,0,2.484477816,1.886195123
1414,0,2.815539904,1.979828760
1415,0,2.323895152,2.840741064
1416,0,2.651566143,2.849569057
1417,0,2.273248316,2.101236677
1418,0,2.895680720,2.593304224
1419,0,2.521815937,1.732636080
1420,0,2.454790383,1.847776408
1421,0,2.506362986,2.073547942
1422,0,1.729652298,1.245231086
1423,0,2.513611036,1.767291033
1424,0,2.481436294,2.218987667
1425,0,2.555226203,2.855589005
1426,0,2.494539439,2.486389487
1427,0,2.801269426,2.890075886
1428,0,2.915998894,1.797013590
1429,0,2.407750261,1.645728691
1430,0,2.600384519,2.203600733
1431,0,3.032441300,2.975419579
1432,0,1.525379373,1.241541476
1433,0,1.883326994,1.452456119
1434,0,2.878583581,2.225227389
1435,0,2.834807916,2.604952824
1436,0,3.085945954,2.248097428
1437,0,2.468270495,1.949363042
1438,0,2.737837889,2.408467431
1439,0,2.938409343,2.083492466
1440,0,2.964590465,2.310056904
1441,0,3.373479253,2.946711073
1442,0,3.051853044,3.201247535
1443,0,2.490277134,1.893153916
1444,0,1.553192311,1.842397577
1445,0,2.626776350,1.822684951
1446,0,2.843814758,2.340799725
1447,0,2.778795000,2.671217013
1448,0,2.756187749,2.959569895
1449,0,2.695417108,1.999591103
1450,0,1.687262237,2.118460430
1451,0,2.537468322,1.954621492
1452,0,2.967397604,2.640117325
1453,0,2.890783255,3.166230722
1454,0,3.100054251,4.507447306
1455,0,3.280336290,4.132374392
1456,0,3.245566161,3.159220493
1457,0,3.081105623,3.138069502
1458,0,3.221121772,2.383479230
1459,0,3.115282390,3.095192661
1460,0,2.665505205,2.382856496
1461,0,3.043766110,2.141674710
1462,0,2.652741469,2.069573188
1463,0,2.135431712,2.209903749
1464,0,2.953613166,2.739774922
1465,0,2.708096884,2.066675557
1466,0,2.859475328,2.763518245
1467,0,2.191116388,2.196854778
1468,0,2.973949431,3.457489926
1469,0,2.736158120,3.780514056
1470,0,2.677985019,3.595585240
1471,0,2.743337692,3.738404965
1472,0,2.663118183,3.581573832
1473,0,3.179130064,4.826007896
1474,0,2.550695438,6.349245694
1475,0,3.239589515,6.666086075
1476,0,3.501386276,5.701844089
1477,0,3.119558665,5.045482404
1478,0,3.368114802,4.019561015
1479,0,3.048864911,2.878463845
1480,0,2.950334690,2.629093773
1481,0,2.447607067,2.447723680
1482,0,2.571491863,3.797803335
1483,0,2.560341410,5.042038312
1484,0,3.439935590,4.157092834
1485,0,3.320889916,3.343495221
1486,0,2.926836094,3.243892281
1487,0,2.495760711,1.220037169
1488,0,2.586023229,1.519419607
1489,0,2.917478412,1.810383384
1490,0,1.733643411,1.527362234
1491,0,2.078638588,2.114743637
1492,0,2.253688521,3.122977473
1493,0,2.708670405,3.607045154
1494,0,2.684766423,3.039995839
1495,0,2.409354434,3.403038127
1496,0,2.513622612,4.141260634
1497,0,2.495574245,2.828328777
1498,0,2.565797453,3.808402385
1499,0,2.777751364,3.340664622
1500,0,2.771380588,2.581234226
1501,0,2.968870467,2.152370554
1502,0,2.790208500,1.693099633
1503,0,-0.000000000,0.000000000
1504,0,1.584962501,1.333333333
1505,0,2.347938648,2.129032258
1506,0,1.948659503,3.259259259
1507,0,1.750640422,3.819548872
1508,0,1.873358115,3.721946375
1509,0,2.809864648,3.158702213
1510,0,2.543094988,3.647884017
1511,0,2.822261370,4.564181108
1512,0,2.738324292,5.230689522
1513,0,2.927135584,6.236962810
1514,0,2.633818992,5.536994581
1515,0,2.433807355,6.235750309
1516,0,1.751229412,3.180615605
1517,0,2.016445212,4.016343056
1518,0,1.382636717,2.010659954
1519,0,2.191249998,2.300840135
1520,0,2.724526042,2.437459510
1521,0,2.539228658,2.817860789
1522,0,2.658205021,3.520669378
1523,0,2.093188247,5.067377650
1524,0,2.668067348,3.473804058
1525,0,2.862118816,4.241239611
1526,0,2.881518922,3.810953184
1527,0,1.705193468,4.737713396
1528,0,2.847674047,5.746403438
1529,0,1.871588488,3.181407706
1530,0,3.094678381,2.919414092
1531,0,2.696708217,2.720079777
1532,0,2.637146292,2.783529081
1533,0,2.565516791,3.668889920
1534,0,3.235157384,3.305121465
1535,0,2.556334287,3.063812882
1536,0,3.186331095,3.746004890
1537,0,2.618237822,4.311947083
1538,0,2.761087210,2.811009826
1539,0,1.895311121,2.624537663
1540,0,2.457133008,3.034007807
1541,0,2.589822342,3.898938117
1542,0,2.644601889,2.821969950
1543,0,2.741290236,2.536763940
1544,0,2.766786483,3.152894884
1545,0,2.861287622,2.589760762
1546,0,2.861472245,2.627266136
1547,0,2.953724066,2.648791871
1548,0,2.896122578,3.560819565
1549,0,2.232845968,2.409846149
1550,0,2.370094429,2.524160820
1551,0,2.300931691,2.596166109
1552,0,2.204349419,2.700480190
1553,0,2.815494092,2.379203012
1554,0,2.848264680,2.771290470
1555,0,2.602195074,3.290643463
1556,0,3.452964650,3.902772215
1557,0,3.305499332,3.430380982
1558,0,3.575065057,3.476299845
1559,0,3.339066100,3.385779905
1560,0,3.159272769,3.690751471
1561,0,3.043103083,3.260485519
1562,0,2.938353100,2.534035960
1563,0,2.862831571,2.018007824
1564,0,3.110378858,2.509233247
1565,0,2.621656619,1.730899839
1566,0,2.699731423,2.483627565
1567,0,2.311260396,2.100993130
1568,0,2.782109722,2.906578486
1569,0,2.883502893,2.305619224
1570,0,2.922630992,2.703442791
1571,0,2.923778582,2.199796441
1572,0,1.000716472,2.106372344
1573,0,2.312569512,2.049137711
1574,0,2.496782129,2.386335069
1575,0,2.923685007,2.944886938
1576,0,2.983923368,3.155600720
1577,0,3.383387571,3.900788930
1578,0,3.326894163,3.445797772
1579,0,3.575277219,3.367989999
1580,0,2.199769404,2.958867166
1581,0,2.268288473,2.278417428
1582,0,2.271428666,2.092674618
1583,0,2.854529462,2.289934850
1584,0,3.248976350,2.374770991
1585,0,2.256896050,2.125282077
1586,0,3.054519339,2.666156377
1587,0,2.900593467,2.400326538
1588,0,2.524286824,2.226575807
1589,0,2.733965138,2.803849256
1590,0,2.915236730,2.599335778
1591,0,3.140552675,2.642902121
1592,0,3.120558133,2.698932403
1593,0,3.502436746,3.164027938
1594,0,3.187433110,3.574086946
1595,0,3.364211647,2.690305975
1596,0,3.074390247,2.684382301
1597,0,3.059943142,2.201624318
1598,0,2.911181783,2.488039588
1599,0,2.573649886,2.353807689
1600,0,1.856298459,1.565758735
1601,0,2.014908203,1.682747152
1602,0,2.427958704,2.125248928
1603,0,2.671740362,1.946510585
1604,0,2.408534935,1.647547762
1605,0,2.690443770,1.822052736
1606,0,2.126664615,1.226780883
1607,0,2.114353479,1.505281625
1608,0,2.149079414,1.425853524
1609,0,2.447380080,2.143339770
1610,0,2.447548879,2.060582003
1611,0,2.364195946,1.692967974
1612,0,2.512933064,2.401309961
1613,0,2.461586208,2.812584565
1614,0,2.730421497,2.551274609
1615,0,2.646878945,2.338507590
1616,0,2.741124985,3.008474318
1617,0,3.211231118,3.822772924
1618,0,2.875589660,5.487917957
1619,0,1.574028249,4.895082591
1620,0,2.350813874,6.155344995
1621,0,2.647031570,7.027873046
1622,0,2.409148382,5.618925327
1623,0,1.943361358,3.342086554
1624,0,1.981410615,3.753129597
1625,0,2.302681047,4.906658866
1626,0,2.010436249,3.747465823
1627,0,0.542078811,0.214512360
1628,0,0.957470475,0.404058904
1629,0,1.186380477,0.540568674
1630,0,2.004060891,1.291740258
1631,0,2.683237900,1.553046481
1632,0,2.950566765,2.135144988
1633,0,2.782970347,1.599490706
1634,0,2.432380606,2.522445016
1635,0,2.688250229,2.847214902
1636,0,3.036298374,2.633417950
1637,0,3.096495042,1.932968753
1638,0,2.251797808,0.932706197
1639,0,2.647748294,1.670870071
1640,0,2.007150558,0.853994190
1641,0,2.696884453,1.637632622
1642,0,2.846443339,1.759658650
1643,0,3.151551070,2.473342491
1644,0,3.028619611,2.733728894
1645,0,3.051563037,5.751348230
1646,0,3.192214048,4.678492088
1647,0,3.411676470,4.404166975
1648,0,3.138171882,3.300963775
1649,0,3.084798957,2.522887263
1650,0,2.901469648,2.276783618
1651,0,2.948210023,2.581248574
1652,0,3.058438596,2.417065936
1653,0,3.069205549,3.563515105
1654,0,2.820564895,2.617113225
1655,0,3.211275500,2.278218946
1656,0,2.657176106,1.709040873
1657,0,3.215015187,2.003920525
1658,0,2.179020413,1.014524857
1659,0,1.993096090,1.927056042
1660,0,2.307895129,1.503209338
1661,0,2.691142975,1.979252260
1662,0,2.593769779,1.398705404
1663,0,2.583423830,1.998934529
1664,0,2.545249865,1.407013466
1665,0,2.922504074,2.476555514
1666,0,3.282598187,3.469176176
1667,0,3.154528463,4.433252060
1668,0,3.343964849,3.864775353
1669,0,2.868351121,4.661654163
1670,0,3.482463748,5.037694502
1671,0,3.261721742,3.980107927
1672,0,3.294377329,4.810482869
1673,0,3.285190190,5.567248808
1674,0,3.304545578,6.216006230
1675,0,3.329485422,7.420604768
1676,0,3.332886378,6.736959172
1677,0,3.123348775,4.681312140
1678,0,3.050932726,5.403289834
1679,0,3.591383942,4.554653861
1680,0,3.793896507,4.163332941
1681,0,2.127145572,2.395405668
1682,0,3.150714535,3.108095754
1683,0,2.960084709,2.753653925
1684,0,2.914366998,2.183025917
1685,0,2.590844540,2.800057596
1686,0,2.666946625,2.422817891
1687,0,2.732618610,2.574482252
1688,0,3.178293917,2.433959595
1689,0,3.037596298,2.067443529
1690,0,2.568514582,2.262820905
1691,0,2.574283808,2.833705564
1692,0,2.425112970,2.509886778
1693,0,2.619604475,1.892551134
1694,0,2.332736198,1.515730373
1695,0,2.255556994,2.111687869
1696,0,2.202282527,1.517204399
1697,0,2.306299347,1.635524883
1698,0,1.925403705,1.428347360
1699,0,2.309374620,2.298241630
1700,0,2.417212178,2.834602979
1701,0,2.486599564,4.196444044
1702,0,2.609506285,3.566661716
1703,0,1.390841597,2.815147715
1704,0,1.524753003,0.809524768
1705,0,-0.000000000,0.000000000
1706,0,1.584962501,1.333333333
1707,0,1.833927218,1.538461538
1708,0,1.721852186,2.163934426
1709,0,2.344065654,1.555555556
1710,0,2.508129646,1.304297329
1711,0,2.701148454,1.733070584
1712,0,2.756872600,1.576936671
1713,0,3.218390345,1.981646621
1714,0,3.105027347,1.896434597
1715,0,3.119726802,2.189071984
1716,0,2.801155912,2.292208113
1717,0,2.808883996,2.140264699
1718,0,2.685938565,1.971662555
1719,0,2.729565268,2.241009775
1720,0,2.688867256,1.895102486
1721,0,2.302081114,2.086510567
1722,0,2.334877380,1.319819623
1723,0,1.799642031,2.140973910
1724,0,2.453725616,3.688295793
1725,0,2.010561974,5.448584230
1726,0,2.635333197,6.438723538
1727,0,2.786040854,7.023236127
1728,0,3.107322676,7.753062221
1729,0,2.920870252,6.068655240
1730,0,2.923624730,6.310138350
1731,0,2.373715400,2.428547941
1732,0,2.036984782,1.917765453
1733,0,1.922718759,2.321337857
1734,0,2.537776263,1.817163969
1735,0,2.505188579,1.612819703
1736,0,2.965612814,2.171895812
1737,0,2.884878314,2.203129063
1738,0,2.569541288,2.963434188
1739,0,2.763196190,3.621024764
1740,0,3.192178474,2.996640412
1741,0,3.233571921,2.584524895
1742,0,3.478510964,2.248647313
1743,0,2.630488736,2.003953457
1744,0,3.068820116,2.967904487
1745,0,3.065889545,3.333979146
1746,0,2.519302006,2.268891407
1747,0,3.017882658,3.253215078
1748,0,2.875056311,2.756660944
1749,0,2.833797489,2.671698738
1750,0,1.753164584,1.689395232
1751,0,2.457175557,1.622830714
1752,0,2.233788156,2.019171049
1753,0,2.434334170,1.679961206
1754,0,2.511581069,2.422636776
1755,0,2.368237120,1.907850978
1756,0,2.751313625,2.548440816
1757,0,2.859555596,2.139102599
1758,0,3.291401941,2.887349399
1759,0,3.069427805,2.382822013
1760,0,2.875879551,2.008522469
1761,0,3.144675677,2.563979406
1762,0,2.876869912,2.046343903
1763,0,3.171233269,2.254034742
1764,0,3.288108359,2.348074414
1765,0,3.191649758,2.297414760
1766,0,3.250096655,2.563560217
1767,0,3.602126642,2.822472819
1768,0,3.286519071,2.715786307
1769,0,3.659842637,3.177559819
1770,0,3.317254809,2.821719670
1771,0,3.684975399,3.281157737
1772,0,3.337541140,3.659215940
1773,0,2.801911789,4.275652254
1774,0,2.710887697,5.184230071
1775,0,3.707005096,6.202647526
1776,0,3.304896116,5.398196364
1777,0,3.274885944,4.465739405
1778,0,2.710683518,3.719068191
1779,0,3.711411433,4.640830171
1780,0,3.310884508,5.494994834
1781,0,3.708318497,4.700648982
1782,0,3.499196482,4.090476058
1783,0,3.775346171,3.891321316
1784,0,3.451754287,4.128464755
1785,0,3.529727714,4.744790993
1786,0,3.421444581,4.222485673
1787,0,3.344989857,4.715520587
1788,0,3.552639152,4.165228515
1789,0,3.221860819,4.637282967
1790,0,3.059526638,4.144895897
1791,0,3.681406727,3.727568065
1792,0,3.393350546,3.246117412
1793,0,3.273191765,3.368391173
1794,0,2.847452134,2.634183293
1795,0,3.024596336,2.163174436
1796,0,2.897756967,2.150917457
1797,0,3.040358330,2.570768704
1798,0,3.480244364,2.613516853
1799,0,1.997378617,2.041821071
1800,0,2.690127529,2.674329866
1801,0,3.245971742,2.521936150
1802,0,2.967791392,2.201027752
1803,0,2.230849614,1.990896485
1804,0,2.957060330,2.656546438
1805,0,3.114173322,2.461023744
1806,0,3.430190082,2.578689000
1807,0,3.168339502,2.563203927
1808,0,3.477771774,2.610383378
1809,0,2.973456281,2.283392533
1810,0,2.976433344,2.729048500
1811,0,2.699679496,3.122696544
1812,0,2.815386921,2.612723244
1813,0,3.266253860,2.429053320
1814,0,2.957932254,2.039813120
1815,0,3.056725000,2.760378332
1816,0,1.813936830,1.392587163
1817,0,1.560498744,1.830931989
1818,0,2.482424911,2.667650589
1819,0,3.135350191,3.481144633
1820,0,2.838808762,2.760516537
1821,0,2.600543354,2.326072498
1822,0,2.933888313,3.287372485
1823,0,2.911481748,2.731292136
1824,0,2.994263051,3.694377790
1825,0,2.737539722,2.587964733
1826,0,3.059517378,3.409022218
1827,0,3.041095173,3.039670126
1828,0,2.487365672,1.765258349
1829,0,2.271913475,1.453421661
1830,0,2.199916981,1.429923906
1831,0,1.834360080,1.361604941
1832,0,1.964631886,2.166885767
1833,0,2.030810161,1.684048944
1834,0,2.648673874,1.760860352
1835,0,2.799200893,1.940835494
1836,0,2.441582506,1.703305915
1837,0,3.199724558,2.164116263
1838,0,3.154611700,2.170051280
1839,0,3.316031333,2.620608999
1840,0,3.287369310,2.466553780
1841,0,3.187388072,2.330433563
1842,0,3.097741283,2.114592044
1843,0,2.695562263,1.614149964
1844,0,2.717981251,1.981454301
1845,0,2.917471438,1.852577836
1846,0,2.935159807,2.066695035
1847,0,2.856894208,2.432027245
1848,0,3.157226362,2.279255527
1849,0,0.944264470,0.723837724
1850,0,1.750134857,1.076923077
1851,0,2.445692359,1.684257761
1852,0,2.155458500,1.928000496
1853,0,2.512250144,2.889793489
1854,0,2.742519075,2.421924710
1855,0,2.607826229,1.777122780
1856,0,2.459317593,1.492750373
1857,0,2.563666663,1.816266268
1858,0,2.989148619,1.948006647
1859,0,2.625319730,1.529656381
1860,0,2.717215182,1.772757214
1861,0,2.635471956,1.610843166
1862,0,1.961415467,1.263794518
1863,0,2.219972697,2.233935164
1864,0,1.541555150,1.373286812
1865,0,1.817607426,0.944371559
1866,0,1.874007780,1.382109134
1867,0,2.420621176,1.513375440
1868,0,2.209789318,1.360333946
1869,0,1.932552659,1.352743521
1870,0,1.739188665,1.196556258
1871,0,1.979144522,1.562453186
1872,0,1.968693530,1.524146609
1873,0,2.079940662,1.688785109
1874,0,2.950809956,2.205470671
1875,0,2.809317834,2.599481244
1876,0,2.724271400,1.792947179
1877,0,2.100787662,1.254412250
1878,0,2.182104107,1.567980988
1879,0,2.281506068,2.127058928
1880,0,2.176598752,1.313805709
1881,0,2.068990321,1.638994034
1882,0,2.547400071,1.638567076
1883,0,2.589323500,1.528651914
1884,0,2.664748783,1.704787967
1885,0,1.703328812,1.663868483
1886,0,1.994466695,1.527370334
1887,0,2.775645791,2.143428419
1888,0,2.633030502,1.796789404
1889,0,2.862237332,1.847327184
1890,0,1.723135960,1.549060062
1891,0,2.059502630,1.486514403
1892,0,2.255205669,1.145869776
1893,0,2.604568839,1.939490939
1894,0,1.609726666,2.117791160
1895,0,2.667971241,2.924254866
1896,0,2.393907455,2.395689437
1897,0,2.000398262,3.829922440
1898,0,3.106665981,4.600999316
1899,0,2.921476069,2.686226434
1900,0,3.004852670,2.468632504
1901,0,2.768642491,1.929792805
1902,0,2.658073254,2.086238484
1903,0,3.225631828,2.861476169
1904,0,3.037157743,3.567471907
1905,0,2.607343449,2.537287280
1906,0,3.037918756,3.580965023
1907,0,3.194283160,2.867715114
1908,0,2.971673246,3.531623707
1909,0,2.479339724,2.761597313
1910,0,2.514691478,1.868361432
1911,0,2.334033935,1.526903991
1912,0,2.582209495,1.523236783
1913,0,-0.000000000,0.000000000
1914,0,1.584962501,1.333333333
1915,0,2.663532755,2.000000000
1916,0,2.135536864,2.131147541
1917,0,1.405639062,1.500000000
1918,0,2.205791162,2.409836066
1919,0,2.137316605,1.966101695
1920,0,2.015603251,1.637188209
1921,0,2.662459401,2.150178100
1922,0,2.908797352,2.676131002
1923,0,2.454888626,2.029428774
1924,0,2.524309195,3.173673286
1925,0,2.706998422,1.979550631
1926,0,2.899798098,1.886831748
1927,0,1.918544991,0.826198897
1928,0,2.372186844,1.698712048
1929,0,2.012874643,1.211460253
1930,0,2.710950442,1.479027767
1931,0,2.811728774,1.700708644
1932,0,2.681433915,1.734582917
1933,0,2.851653173,1.768858904
1934,0,1.723749373,1.440406179
1935,0,2.742199439,2.066107516
1936,0,2.478604823,2.235400105
1937,0,1.937585094,1.569744344
1938,0,2.594680377,1.763540004
1939,0,2.979624743,2.680871830
1940,0,2.718711382,2.358020694
1941,0,2.989707465,2.762855974
1942,0,2.686449276,2.636255419
1943,0,1.325823697,1.407261694
1944,0,2.298421091,2.434412473
1945,0,1.963020723,1.784959855
1946,0,1.957687651,1.509262243
1947,0,2.178832089,1.788351585
1948,0,3.220616107,2.153695650
1949,0,3.255521449,2.625785688
1950,0,3.006850507,2.149969323
1951,0,3.060914707,2.281050723
1952,0,3.289369882,2.738880741
1953,0,3.426793177,3.215812618
1954,0,2.004881178,3.111847860
1955,0,2.743000893,3.150738635
1956,0,2.342495743,3.152623310
1957,0,3.083736231,3.070438978
1958,0,2.597339493,3.131852657
1959,0,3.181173535,3.636382726
1960,0,3.007805315,3.282789474
1961,0,2.686016998,2.550411082
1962,0,2.899687691,3.342618188
1963,0,3.237949053,2.951269415
1964,0,1.482756780,2.311727849
1965,0,2.570063083,3.183743445
1966,0,2.525170676,2.853801416
1967,0,3.032381147,2.861715730
1968,0,1.920114529,3.327987420
1969,0,2.539682504,2.551590804
1970,0,3.014940245,3.856478455
1971,0,3.240913634,2.572050397
1972,0,2.540088549,1.635776857
1973,0,2.624997113,2.171506352
1974,0,2.321895223,2.512813445
1975,0,2.389249809,2.382366964
1976,0,2.194607465,1.335438341
1977,0,2.676785421,1.994312579
1978,0,2.908753645,2.662210492
1979,0,3.370334904,2.631611851
1980,0,2.740868147,3.141474615
1981,0,3.330715747,3.047471371
1982,0,3.072373447,3.096834472
1983,0,2.387603806,1.520318099
1984,0,1.820820099,1.650039140
1985,0,2.398623467,2.037415520
1986,0,2.587408158,1.730604664
1987,0,2.333067236,1.444148257
1988,0,2.001839093,1.569088837
1989,0,2.875370163,1.980669139
1990,0,2.819674499,2.226138454
1991,0,2.522321102,2.240339223
1992,0,2.681083057,2.872271147
1993,0,3.271059845,3.190220187
1994,0,3.276018760,3.638620038
1995,0,3.279919585,4.724576075
1996,0,3.207653076,4.927065821
1997,0,3.257034822,5.777333620
1998,0,3.234009005,4.704112235
1999,0,3.375025733,3.620561751
2000,0,3.380268075,2.660271791
2001,0,3.030269739,2.512026979
2002,0,2.731727977,2.376620796
2003,0,2.610077206,2.699290845
2004,0,3.140463270,2.795239878
2005,0,2.765477535,3.171239891
2006,0,3.522541197,3.314208367
2007,0,3.377756317,3.041719890
2008,0,3.469301833,3.510446752
2009,0,3.204749654,3.375597653
2010,0,3.222567993,3.930148460
2011,0,1.866930018,4.049955979
2012,0,2.268170280,1.596824504
2013,0,-0.000000000,0.000000000
2014,0,1.584962501,1.333333333
2015,0,2.100365631,1.400000000
2016,0,2.701408356,1.651205937
2017,0,2.410030070,1.474504940
2018,0,1.920644425,1.456285483
2019,0,2.707100256,2.257258669
2020,0,2.846722026,2.850499490
2021,0,2.742757341,2.132566192
2022,0,2.498581095,1.528667382
2023,0,2.255542008,1.862641187
2024,0,2.238179010,2.004832803
2025,0,1.371930622,1.146821626
2026,0,1.549444166,1.120257352
2027,0,2.507682297,1.788919096
2028,0,1.408196847,1.298102548
2029,0,2.013952496,2.127168827
2030,0,1.880693207,2.488616216
2031,0,2.136959608,1.489183756
2032,0,2.107166920,2.195754425
2033,0,1.963269443,2.559133522
2034,0,1.542130521,1.975551537
2035,0,1.499758604,1.531162115
2036,0,1.403479897,1.220514964
2037,0,1.526549988,1.850053641
2038,0,2.088394968,2.499440760
2039,0,2.130982271,1.484533425
2040,0,2.421703299,1.624834939
2041,0,2.566368246,2.221340492
2042,0,1.326398045,1.364661942
2043,0,2.502060397,2.290582823
2044,0,2.607721429,2.589464791
2045,0,2.754717890,2.181692092
2046,0,2.745155422,2.074844847
2047,0,2.999593277,2.494778306
2048,0,3.028701249,1.943395366
2049,0,3.361723115,2.025613750
2050,0,2.869835597,2.076500772
2051,0,1.811072187,1.156655595
2052,0,2.634467566,1.759812695
2053,0,1.479276802,1.483716124
2054,0,1.378913497,1.169820216
2055,0,1.997940029,1.194790097
2056,0,1.961631942,1.283537544
2057,0,2.135504425,1.321401459
2058,0,1.682789116,2.058696971
2059,0,2.525486596,1.806903407
2060,0,2.415744434,1.810129168
2061,0,2.330606572,1.956817622
2062,0,2.603932839,1.981126769
2063,0,2.409534084,1.567321662
2064,0,2.470664779,2.103178629
2065,0,2.732464032,2.982443280
2066,0,2.526120051,1.939639198
2067,0,2.667970183,2.755724810
2068,0,2.666868851,2.248596408
2069,0,2.507817902,2.554328109
2070,0,2.387840635,1.836461884
2071,0,2.699389302,1.835823924
2072,0,2.459154262,2.007505877
2073,0,2.437719794,2.230182048
2074,0,2.454215202,1.961346272
2075,0,2.765267948,1.933618195
2076,0,2.566114926,2.277902679
2077,0,2.546603485,1.762919055
2078,0,2.475366477,1.778367108
2079,0,2.781002873,2.364527699
2080,0,2.562058315,2.630398146
2081,0,2.497607396,1.832162315
2082,0,1.860467729,1.799220409
2083,0,2.350256593,1.681512597
2084,0,2.472642480,1.785648190
2085,0,2.512842401,2.395805604
2086,0,2.862851611,2.228356551
2087,0,2.661638194,2.393638499
2088,0,1.887971371,1.669218692
2089,0,2.438606982,1.952861182
2090,0,2.486877554,1.819135212
2091,0,2.362310570,1.791952060
2092,0,2.225340191,1.798778102
2093,0,2.847301593,2.368608376
2094,0,2.688893029,2.533852358
2095,0,3.081876391,2.421484600
2096,0,2.811895973,2.575101509
2097,0,2.639580601,2.049972402
2098,0,3.178062139,2.547900937
2099,0,3.084776303,2.876083006
2100,0,2.359364478,2.280625659
2101,0,3.001549737,3.039569849
2102,0,2.852116173,2.575210401
2103,0,2.671576428,2.126424246
2104,0,2.657516740,1.957383717
2105,0,2.932383822,2.639251284
2106,0,3.006179904,3.271140925
2107,0,1.703712241,2.783097443
2108,0,1.903904070,2.325609726
2109,0,2.864570978,2.148392621
2110,0,2.773010236,2.422697027
2111,0,2.906926839,2.296850824
2112,0,2.841520614,3.032052346
2113,0,2.624537681,1.975082968
2114,0,2.886767476,2.601541825
2115,0,2.676162045,2.344497856
2116,0,2.584690964,2.607858149
2117,0,2.407776082,1.918356811
2118,0,2.742302716,1.833118293
2119,0,1.913366356,1.850190438
2120,0,2.947449490,2.026426652
2121,0,2.825031875,2.182620988
2122,0,1.904972782,1.828658933
2123,0,2.483827773,2.026442170
2124,0,2.502910040,1.836842334
2125,0,2.390602656,1.839898245
2126,0,2.532476076,1.750201748
2127,0,2.834266273,2.219735491
2128,0,2.665986613,2.880125553
2129,0,2.847146890,2.257709504
2130,0,2.712553756,2.332820947
2131,0,2.494574064,1.653256416
2132,0,2.334909575,1.597848199
2133,0,1.960197617,1.084207379
2134,0,2.847865036,1.847995593
2135,0,2.484790018,1.910337543
2136,0,2.175713373,2.734438716
2137,0,2.130961866,3.111728053
2138,0,2.796693822,4.025605870
2139,0,3.136085636,3.454205680
2140,0,2.332527142,3.348167334
2141,0,2.843622715,3.912694723
2142,0,2.880781491,4.999117337
2143,0,2.327629764,6.581378240
2144,0,3.162362034,5.537897612
2145,0,2.718475581,5.873861600
2146,0,3.070813805,6.381800843
2147,0,2.751109174,5.854799716
2148,0,2.928211004,5.187670277
2149,0,3.246710654,5.390098705
2150,0,3.261489498,5.999286912
2151,0,3.068820907,6.773050476
2152,0,2.996937868,6.202987677
2153,0,3.152556549,4.923671778
2154,0,3.399477994,4.005848714
2155,0,3.589804812,3.785445467
2156,0,3.362237334,3.321072194
2157,0,3.160678815,3.189976909
2158,0,3.129190871,3.135412415
2159,0,3.148164733,3.183432160
2160,0,3.045693012,2.671990106
2161,0,2.846461692,2.302154075
2162,0,2.788903864,2.133033920
2163,0,2.081921027,2.369552935
2164,0,2.175278236,1.396655343
2165,0,1.941886558,1.312961015
2166,0,2.222495472,1.523779016
2167,0,2.095915786,1.439428425
2168,0,2.044192993,1.507533425
2169,0,1.833882633,1.015582420
2170,0,1.653045702,1.170706964
2171,0,1.967222661,1.354312342
2172,0,1.826042313,1.446443756
2173,0,1.896999149,1.180599653
2174,0,2.017364483,1.659469631
2175,0,2.161847806,2.440372673
2176,0,1.650822283,1.126639605
2177,0,2.246472028,1.495411136
2178,0,2.590844945,1.657112945
2179,0,2.584885176,1.845512570
2180,0,2.525749717,2.633326439
2181,0,2.609166960,3.165597883
2182,0,2.864745953,4.003509171
2183,0,3.306687918,4.609341217
2184,0,2.840070218,2.199402066
2185,0,2.708351732,2.474660978
2186,0,2.994621253,1.779303898
2187,0,2.813570737,2.080210768
2188,0,2.847946673,1.950534524
2189,0,2.757457827,2.313665289
2190,0,2.825537969,2.698839341
2191,0,2.511992098,1.805442332
2192,0,2.164602026,1.134985312
2193,0,2.791507910,1.505767677
2194,0,2.188729978,1.603028407
2195,0,2.680019886,2.295754965
2196,0,2.788521338,3.056561882
2197,0,2.473593979,2.982775935
2198,0,2.937087640,2.451647248
2199,0,3.331773957,2.636353295
2200,0,2.905692715,1.772450533
2201,0,3.257257883,1.933003451
2202,0,2.538215895,2.459024003
2203,0,2.779169544,1.808723456
2204,0,2.647481956,1.671417474
2205,0,2.783282913,2.539982502
2206,0,2.848589661,1.965727323
2207,0,2.918717198,2.744903230
2208,0,2.348256832,2.835751874
2209,0,-0.000000000,0.000000000
2210,0,1.061278124,0.500000000
2211,0,2.227945796,1.515695067
2212,0,2.901505188,2.142635659
2213,0,2.958886888,2.801563338
2214,0,2.167862317,1.042505172
2215,0,2.805615464,2.279857372
2216,0,-0.000000000,0.000000000
2217,0,1.584962501,1.333333333
2218,0,2.121104663,2.071428571
2219,0,2.018224701,2.530612245
2220,0,-0.000000000,0.000000000
2221,0,1.799015671,1.368421053
2222,0,2.331952543,1.925233645
2223,0,2.851578911,2.766998119
2224,0,2.682201520,2.391473601
2225,0,2.519186164,3.188054982
2226,0,2.438265312,2.283164588
2227,0,2.616220414,2.985064083
2228,0,2.469993212,2.158314119
2229,0,2.304114055,1.816206620
2230,0,2.896419761,2.622049189
2231,0,2.908868695,3.432652581
2232,0,2.521225573,3.021295569
2233,0,2.374453058,3.023675118
2234,0,1.658550949,2.077494806
2235,0,2.583712832,3.405133873
2236,0,1.898967739,1.782074755
2237,0,1.839469388,0.845984486
2238,0,1.999852089,1.504184372
2239,0,2.188117691,2.061721028
2240,0,2.084910530,1.805755072
2241,0,2.290246088,2.561174415
2242,0,1.730336980,1.754499787
2243,0,2.321132081,2.269285254
2244,0,1.282049975,0.691797479
2245,0,1.932998565,1.226545048
2246,0,1.638594964,1.509708651
2247,0,2.529201023,2.458623299
2248,0,2.466193858,3.109214399
2249,0,2.479836377,1.386356157
2250,0,2.435293706,1.656603991
2251,0,2.672414232,2.596732174
2252,0,2.799831825,2.437152880
2253,0,2.494538308,1.554746819
2254,0,2.077596631,1.668432561
2255,0,2.879844261,2.303327823
2256,0,2.464898952,2.348136027
2257,0,2.499826044,1.573457814
2258,0,1.990063984,1.219858100
2259,0,2.337553209,2.112841950
2260,0,2.079070961,2.299962453
2261,0,2.400684320,3.711088572
2262,0,2.359491651,2.902325279
2263,0,2.493055169,1.607789459
2264,0,2.597546088,2.385791517
2265,0,2.869856129,3.031603683
2266,0,2.121415677,4.143186343
2267,0,2.555423715,5.243104680
2268,0,2.834105300,4.224107689
2269,0,2.545824911,4.560311058
2270,0,2.735200662,3.464806386
2271,0,2.682016304,2.256591876
2272,0,2.472229827,1.554180400
2273,0,2.751329868,2.113108357
2274,0,2.659572544,2.001523016
2275,0,2.714770906,2.517206456
2276,0,2.837757772,3.039566223
2277,0,2.646142431,2.919901677
2278,0,2.769388747,3.502131389
2279,0,2.555091311,2.506548374
2280,0,2.671936714,3.088756314
2281,0,2.986610420,2.315552417
2282,0,2.683326139,1.689539012
2283,0,2.680018183,2.365987574
2284,0,2.820962173,1.819670382
2285,0,2.870230139,2.149836862
2286,0,2.266035681,1.720781030
2287,0,1.979884734,1.896237515
2288,0,2.677813384,2.696560066
2289,0,2.838291361,2.381033407
2290,0,3.148849432,2.252386747
2291,0,2.941235395,2.485578527
2292,0,3.126137960,3.251556924
2293,0,2.992342367,2.637244761
2294,0,3.129046190,3.345287911
2295,0,2.022325323,4.362476918
2296,0,1.517127178,1.810306288
2297,0,2.249073567,1.571550777
2298,0,2.260539568,1.268296831
2299,0,2.197066753,1.486762054
2300,0,2.882480639,2.278419176
2301,0,1.918543661,1.574530971
2302,0,2.356572133,1.513904093
2303,0,1.485702879,1.392416905
2304,0,1.973378820,1.301317237
2305,0,2.554966248,1.740390929
2306,0,1.894292902,2.481174280
2307,0,1.777579049,1.893022014
2308,0,2.829283378,1.954659099
2309,0,2.958710584,2.357905729
2310,0,2.773345720,1.933717738
2311,0,3.192072836,2.657759202
2312,0,2.976269331,2.245654777
2313,0,3.338100851,2.372354665
2314,0,2.972869794,2.276744738
2315,0,3.034801501,2.934978823
2316,0,2.447411679,3.049243703
2317,0,2.293930638,2.282854739
2318,0,2.901215150,3.255682731
2319,0,3.066056580,3.632503424
2320,0,2.816878497,2.287339042
2321,0,3.159750271,2.129660587
2322,0,3.198822827,2.343508806
2323,0,3.231324769,2.380252767
2324,0,3.075693153,2.329856221
2325,0,3.115341519,2.850998407
2326,0,3.156171988,2.647668571
2327,0,3.120592326,3.653185996
2328,0,3.613747551,4.269556627
2329,0,3.474495078,2.914219294
2330,0,3.190338300,4.403985887
2331,0,3.639260629,3.669479425
2332,0,2.132316316,2.231105694
2333,0,2.409033475,2.060100642
2334,0,2.803152591,1.691937461
2335,0,2.903473060,2.264632458
2336,0,3.535363893,2.943374097
2337,0,3.589889861,3.208305849
2338,0,3.822515260,2.775609046
2339,0,3.452776679,3.109905545
2340,0,3.733879601,4.086232187
2341,0,3.508739926,3.968587819
2342,0,3.233952126,5.013220037
2343,0,3.038321498,4.542836842
2344,0,3.456434672,4.303144282
2345,0,3.109489186,2.781692336
2346,0,2.545711612,2.144622160
2347,0,1.216550079,1.980635605
2348,0,2.134455783,1.587035885
2349,0,0.999360294,0.859521046
2350,0,1.787590997,1.873494901
2351,0,1.020896351,0.966854587
2352,0,1.802164493,1.100918473
2353,0,2.488245225,1.809872956
2354,0,2.195036401,1.258779915
2355,0,2.536837042,1.823862484
2356,0,2.219190353,1.278425399
2357,0,2.341823846,1.741538642
2358,0,2.752483718,2.312258757
2359,0,2.865703063,2.195477661
2360,0,2.903182464,3.074080747
2361,0,2.877995193,2.429412584
2362,0,2.387530296,1.441335110
2363,0,2.571327811,1.994478233
2364,0,2.820706972,2.835282213
2365,0,2.956739812,3.733570202
2366,0,3.210315032,4.441628003
2367,0,3.355903133,3.972577422
2368,0,3.597367771,3.215859693
2369,0,3.492686446,3.277116046
2370,0,1.580348051,1.386062203
2371,0,2.313355468,2.218586905
2372,0,2.691838752,2.763559747
2373,0,0.999468240,0.972850677
2374,0,1.186211654,0.500000000
2375,0,1.206432275,1.037075457
2376,0,1.671084251,1.034113060
2377,0,1.872743450,1.247036078
2378,0,1.940911540,1.398067534
2379,0,0.999999983,0.999844480
2380,0,1.775858940,1.076923077
2381,0,2.298794934,2.125045360
2382,0,-0.000000000,0.000000000
2383,0,1.000000000,1.000000000
2384,0,1.775858948,2.000000000
2385,0,2.460484681,1.692307692
2386,0,2.681957404,1.530303030
2387,0,2.593339104,1.947247706
2388,0,2.307707459,2.143068478
2389,0,2.451439305,3.104856465
2390,0,2.664775706,2.584567202
2391,0,2.905989910,2.293903887
2392,0,2.963589098,3.004380671
2393,0,2.853166155,2.890184532
2394,0,3.287416535,3.687522223
2395,0,3.355845128,3.579007815
2396,0,2.358104677,3.447198842
2397,0,3.556168721,3.370591503
2398,0,2.689437095,2.783701858
2399,0,2.558494505,2.676361485
2400,0,3.539073407,3.125227896
2401,0,3.343655105,3.350195868
2402,0,3.330759811,2.955014591
2403,0,2.774190773,3.822048893
2404,0,2.598284491,3.924589396
2405,0,2.964904194,3.662437644
2406,0,2.690203025,2.868043342
2407,0,1.930965666,2.344842956
2408,0,2.924569490,2.297058090
2409,0,2.648947806,1.800333151
2410,0,3.011604164,2.074815610
2411,0,3.153845333,2.091228950
2412,0,2.906391921,2.997712823
2413,0,2.411433795,1.825750695
2414,0,2.664706796,1.793081066
2415,0,2.740361038,2.440497129
2416,0,3.163988588,2.475325166
2417,0,2.829431841,2.002370295
2418,0,2.542928688,2.076315923
2419,0,2.889127125,1.980667019
2420,0,1.268990161,1.534061398
2421,0,1.000000000,1.000000000
2422,0,1.509968613,1.523809524
2423,0,-0.000000000,0.000000000
2424,0,1.314320487,1.076923077
2425,0,2.223148386,2.026315789
2426,0,1.887287867,0.948106592
2427,0,2.247415256,1.457907768
2428,0,2.290376505,1.298644886
2429,0,2.169250102,1.834049818
2430,0,2.708600509,2.667316751
2431,0,2.610276978,2.995488517
2432,0,3.006948133,2.805065483
2433,0,2.950323595,3.718152128
2434,0,1.797038225,4.124535063
2435,0,2.805267949,3.263105573
2436,0,2.875230764,2.377983572
2437,0,2.480338106,2.766807613
2438,0,1.644886301,2.829355402
2439,0,1.773944577,3.958054334
2440,0,2.362100610,4.541038326
2441,0,2.428227330,3.693741085
2442,0,2.848758552,2.960662536
2443,0,2.707690533,2.065199511
2444,0,2.542563347,1.594845472
2445,0,2.526190879,2.253966036
2446,0,2.907576316,1.900304238
2447,0,2.822403355,2.218364891
2448,0,2.899678024,2.031993508
2449,0,1.812046581,1.926455662
2450,0,2.238138258,1.655166811
2451,0,2.064901638,1.461018605
2452,0,2.253542728,1.563201372
2453,0,2.388000182,1.470281027
2454,0,2.508217061,2.475003638
2455,0,2.535636629,2.116383705
2456,0,2.505477913,1.908996302
2457,0,2.536942410,2.951432299
2458,0,2.433621229,3.371587754
2459,0,2.500558521,2.821420279
2460,0,1.651459407,1.631260219
2461,0,1.877831373,1.375085045
2462,0,2.174355136,1.969245477
2463,0,2.651762430,2.222449625
2464,0,2.601446300,2.806012691
2465,0,2.981573152,3.773584394
2466,0,2.745408892,2.751714006
2467,0,2.536290862,3.848874947
2468,0,3.053294896,3.142671363
2469,0,3.305132877,4.019506448
2470,0,3.063168095,4.081109184
2471,0,2.338685907,3.661471227
2472,0,2.320003232,3.797696550
2473,0,2.890161084,5.146691216
2474,0,2.777313230,3.652286193
2475,0,2.653996500,3.298964692
2476,0,2.439018415,3.643798286
2477,0,3.355227239,4.608043429
2478,0,2.568056838,2.970027177
2479,0,3.048945501,3.936875104
2480,0,3.599885728,3.413268475
2481,0,3.246031171,4.035881011
2482,0,3.409597799,5.205969715
2483,0,1.963751472,5.055702799
2484,0,2.344292500,6.284237976
2485,0,2.563960672,7.285757742
2486,0,2.798644641,6.240443504
2487,0,2.654373572,5.264603366
2488,0,2.944316159,4.501194340
2489,0,3.071702768,5.345656990
2490,0,2.959259388,4.449192324
2491,0,2.709192501,5.187051067
2492,0,2.974262452,6.117216081
2493,0,3.414926523,7.309259735
2494,0,2.998481706,8.019741886
2495,0,3.244744838,9.122582988
2496,0,2.994355653,9.072650908
2497,0,3.669888754,9.565253568
2498,0,2.282628398,4.383563534
2499,0,1.741439311,4.600003300
2500,0,2.092573648,5.580331652
2501,0,2.332768300,4.280284731
2502,0,2.742269061,6.184176000
2503,0,2.227725998,4.311691421
2504,0,2.561334884,4.977215739
2505,0,1.979615145,4.303339142
2506,0,-0.000000000,0.000000000
2507,0,0.591672779,0.285714286
2508,0,-0.000000000,0.000000000
2509,0,0.591672779,1.714285714
2510,0,0.676197461,0.285714286
2511,0,0.751797709,0.346153846
2512,0,0.713534543,0.300835655
2513,0,0.809029407,0.406454427
2514,0,0.746122057,0.376584638
2515,0,1.401640374,1.042505593
2516,0,1.267568662,1.284599622
2517,0,1.024938949,0.499594485
2518,0,0.869164644,0.461080987
2519,0,1.114348148,1.005506785
2520,0,0.427448291,0.204336646
2521,0,0.852552835,0.501492906
2522,0,-0.000000000,0.000000000
2523,0,0.591672779,0.285714286
2524,0,0.995727452,0.923076923
2525,0,0.934068055,1.300000000
2526,0,-0.000000000,0.000000000
2527,0,-0.000000000,0.000000000
2528,0,-0.000000000,0.000000000
2529,0,0.591672779,0.285714286
2530,0,0.995727452,0.923076923
2531,0,0.934068055,1.300000000
2532,0,0.725111072,0.285714286
2533,0,0.433260995,0.178082192
2534,0,0.998433321,1.046594982
2535,0,0.907417008,0.645631068
2536,0,-0.000000000,0.000000000
2537,0,1.000000000,1.000000000
2538,0,0.918295834,0.666666667
2539,0,0.722857898,0.285714286
2540,0,0.666533941,0.311111111
2541,0,0.681035152,0.287539936
2542,0,0.997856062,0.945496271
2543,0,0.734223645,0.285714286
2544,0,0.383367575,0.149479506
2545,0,0.364212855,0.139084374
2546,0,0.999063701,1.036023676
2547,0,1.499531850,1.000000000
2548,0,1.455570011,1.137005839
2549,0,1.792469512,1.294491242
2550,0,1.720909403,1.689957818
2551,0,1.675029661,2.458327681
2552,0,2.176064231,2.096107691
2553,0,2.142016758,2.644766554
2554,0,1.397010128,1.334204876
2555,0,1.177248518,1.835846672
2556,0,1.927191097,1.475951446
2557,0,1.717053313,1.600277918
2558,0,0.986424213,0.436376586
2559,0,0.813680818,0.378625550
2560,0,0.923801715,0.405457197
2561,0,1.211816527,1.131270922
2562,0,1.143910002,0.767656476
2563,0,0.156557538,0.077113609
2564,0,0.206790344,0.100452607
2565,0,0.824430986,0.401935179
2566,0,0.769965813,0.361838558
2567,0,0.308817393,0.164032199
2568,0,0.289042335,0.153369021
2569,0,0.528658318,0.244758870
2570,0,0.836756264,0.400799283
2571,0,1.170819816,1.002448497
2572,0,1.017869232,0.585013506
2573,0,0.986211338,0.419070173
2574,0,1.175699313,0.904427949
2575,0,0.885412666,0.400679357
2576,0,0.990863633,0.509206583
2577,0,0.988985440,0.529277275
2578,0,1.323141019,0.652578896
2579,0,0.942397067,0.585385736
2580,0,1.667456642,2.141464568
2581,0,1.853319462,1.208309175
2582,0,2.142520302,1.460891041
2583,0,2.431092922,2.080770633
2584,0,2.490746241,2.322675012
2585,0,1.677228956,1.715216730
2586,0,2.700228942,2.580063433
2587,0,2.456672003,3.012921869
2588,0,3.134749015,2.971691485
2589,0,2.848463987,3.792831002
2590,0,2.727982371,3.571911927
2591,0,2.983533312,3.929997844
2592,0,2.460360149,5.523633553
2593,0,3.051436568,5.507781490
2594,0,2.920899874,5.093013458
2595,0,2.742302893,5.464619738
2596,0,2.428781163,4.724688603
2597,0,3.010414932,4.694253426
2598,0,2.492549885,2.538378977
2599,0,2.678799449,3.309131735
2600,0,2.930308829,3.378326801
2601,0,2.817261469,2.730111623
2602,0,2.404551094,2.351491347
2603,0,2.682982800,2.715547176
2604,0,2.344718649,2.072432060
2605,0,1.845277032,1.787803755
2606,0,1.795693871,1.424452073
2607,0,1.863055530,2.086866371
2608,0,1.693591790,2.222524412
2609,0,1.898543976,1.358142607
2610,0,1.348900119,1.164832412
2611,0,1.588908025,1.300312028
2612,0,2.081742686,1.431147988
2613,0,1.303607225,0.669714131
2614,0,1.703845787,1.552772136
2615,0,0.639976570,0.895569568
2616,0,1.240077717,2.603835019
2617,0,0.543564443,1.750000000
2618,0,-0.000000000,0.000000000
2619,0,1.061278124,0.500000000
2620,0,1.570232494,1.441860465
2621,0,1.431269795,1.391891892
2622,0,0.903533369,0.638443936
2623,0,1.731335888,1.076923077
2624,0,2.266447786,1.482837529
2625,0,1.944955041,1.571968303
2626,0,2.088711227,1.824593228
2627,0,2.454131192,1.556994674
2628,0,2.266877128,1.708948529
2629,0,1.725160453,0.947313541
2630,0,1.956391032,1.341652651
2631,0,1.335005104,0.600118729
2632,0,1.716477846,1.175776375
2633,0,1.935426391,1.397825842
2634,0,0.998100096,0.948690447
2635,0,1.774982069,1.076923077
2636,0,2.219037268,1.672573249
2637,0,1.995037566,2.032388351
2638,0,1.990941454,1.751619187
2639,0,1.750389493,1.639776561
2640,0,2.454662925,2.137344688
2641,0,2.546443252,2.849869722
2642,0,1.671387731,2.748610821
2643,0,2.349814756,2.781578342
2644,0,2.341735652,2.637504979
2645,0,2.519688963,2.586760466
2646,0,2.031424391,2.772102164
2647,0,1.707838989,1.923960594
2648,0,1.653473537,1.333761899
2649,0,1.385267685,0.814475388
2650,0,1.402193066,1.229902842
2651,0,-0.000000000,0.000000000
2652,0,1.000000000,1.000000000
2653,0,1.448815636,1.714285714
2654,0,1.985228136,1.857142857
2655,0,1.132209138,0.539682540
2656,0,1.246612954,1.091982292
2657,0,0.924876631,0.680121090
2658,0,-0.000000000,0.000000000
2659,0,-0.000000000,0.000000000
2660,0,-0.000000000,0.000000000
2661,0,0.591672779,0.285714286
2662,0,0.995727452,0.923076923
2663,0,1.497863726,1.000000000
2664,0,0.999525689,1.025641026
2665,0,1.448409084,2.043956044
2666,0,1.573286895,2.533751962
2667,0,1.708776518,2.233485939
2668,0,0.934301544,0.427074355
2669,0,1.166015326,1.044468187
2670,0,1.476999823,1.988126378
2671,0,0.999878011,0.986995869
2672,0,-0.000000000,0.000000000
2673,0,1.000000000,1.000000000
2674,0,-0.000000000,0.000000000
2675,0,1.000000000,1.000000000
2676,0,1.167436723,0.736842105
2677,0,0.981152234,0.838709677
2678,0,0.731837383,1.953917051
2679,0,0.692095091,2.068085106
2680,0,0.906295950,2.353383459
2681,0,1.218316844,2.915944081
2682,0,0.745355857,1.099908100
2683,0,1.359367232,1.336162380
2684,0,0.684248120,0.762236215
2685,0,0.672581283,0.304590317
2686,0,0.750548857,0.323466348
2687,0,0.608433405,0.299300277
2688,0,0.410525653,0.303163054
2689,0,0.998747467,2.023167560
2690,0,0.043958031,0.048099479
2691,0,0.648505418,0.338007572
2692,0,0.644164642,0.353434688
2693,0,0.714268255,0.337047193
2694,0,1.082135833,0.996014633
2695,0,0.133724516,0.140510013
2696,0,0.698603246,0.380975566
2697,0,0.656185032,1.683749678
2698,0,0.695864201,0.293108093
2699,0,0.965578178,0.430081822
2700,0,1.139227977,1.025405657
2701,0,1.539379129,1.023228763
2702,0,1.412887242,1.153313091
2703,0,1.509174936,2.184142908
2704,0,1.708376523,2.054713852
2705,0,1.454627380,1.400621507
2706,0,1.931264700,1.337280374
2707,0,-0.000000000,0.000000000
2708,0,0.591672779,0.285714286
2709,0,0.986426729,0.444444444
2710,0,1.263933429,1.176470588
2711,0,1.531350034,1.706896552
2712,0,0.128319129,0.070796460
2713,0,0.798111299,1.812734082
2714,0,0.662262963,1.825221239
2715,0,1.131824950,1.010017678
2716,0,1.245382359,0.792630695
2717,0,1.162288177,0.921829647
2718,0,1.643447770,1.928310479
2719,0,2.099832865,1.571191850
2720,0,1.962798513,1.423448989
2721,0,-0.000000000,0.000000000
2722,0,1.000000000,1.000000000
2723,0,1.448815636,2.000000000
2724,0,1.000000000,3.000000000
2725,0,1.983256138,2.510638298
2726,0,1.993082975,1.826086957
2727,0,2.436663104,2.654808959
2728,0,0.894820355,1.245730825
2729,0,1.894820355,1.622865412
2730,0,1.617403665,1.237633048
2731,0,1.790271445,1.291190525
2732,0,1.760110056,1.068082526
2733,0,0.648137487,0.323482708
2734,0,0.994646018,1.086098829
2735,0,1.398776424,1.581820102
2736,0,1.924138661,1.204611819
2737,0,2.025085176,1.484513740
2738,0,2.200301366,1.933663935
2739,0,-0.000000000,0.000000000
2740,0,1.061278124,0.500000000
2741,0,2.248321643,1.819277108
2742,0,2.217281025,1.367788462
2743,0,2.445124506,1.952033599
2744,0,2.077787079,2.225743439
2745,0,1.442952234,1.209238471
2746,0,1.955826154,1.384126774
2747,0,2.341012367,1.503479432
2748,0,1.542906006,1.115792869
2749,0,2.127305173,1.209762130
2750,0,2.165895456,1.411491860
2751,0,0.775125134,0.913402866
2752,0,1.542706671,1.399573140
2753,0,1.581642744,1.024066958
2754,0,2.027776051,1.464155757
2755,0,2.148163055,2.037176750
2756,0,1.950057659,1.429319453
2757,0,2.245696939,2.389967986
2758,0,1.925666407,1.276272566
2759,0,1.454176571,1.799696669
2760,0,1.711993582,1.883626895
2761,0,2.215087938,2.486435676
2762,0,1.674337232,0.831202127
2763,0,1.566992363,1.188990160
2764,0,0.857197866,0.562573038
2765,0,1.870695123,1.708382025
2766,0,1.563955482,1.079132427
2767,0,2.030452298,1.207383176
2768,0,2.413523899,1.804795140
2769,0,2.361325264,1.400541669
2770,0,1.979942114,1.759478216
2771,0,2.154255277,2.165923984
2772,0,2.160762671,2.588454196
2773,0,2.208680350,1.857214376
2774,0,1.800231926,1.055091914
2775,0,2.243070099,1.624999034
2776,0,2.177171944,1.258090161
2777,0,2.034900061,1.175692790
2778,0,2.144392739,1.307215848
2779,0,2.518303004,1.811506957
2780,0,2.233462188,1.843479946
2781,0,2.183920900,1.864324764
2782,0,2.258160598,1.906319333
2783,0,2.219390234,2.288873819
2784,0,2.036021482,2.173069202
2785,0,2.213125805,1.335265865
2786,0,2.218998812,1.395895348
2787,0,2.327047386,2.337530113
2788,0,1.892680868,1.174287924
2789,0,1.484908959,1.096943332
2790,0,1.932058758,1.331307917
2791,0,0.999998568,0.998591234
2792,0,1.522153205,1.599549322
2793,0,2.075464682,1.666572775
2794,0,2.084477856,2.467496519
2795,0,1.342126671,1.264018035
2796,0,0.967926925,1.210076757
2797,0,1.907604809,2.140051171
2798,0,1.618469862,1.206261566
2799,0,1.986025735,2.034925766
2800,0,2.322494032,1.594252791
2801,0,2.178940035,2.055756741
2802,0,1.624727031,2.629766765
2803,0,1.802172594,3.364079774
2804,0,2.441566981,2.089599939
2805,0,2.285469393,1.792210995
2806,0,2.513910872,1.692212323
2807,0,2.190206778,1.930579191
2808,0,1.953281875,2.443792205
2809,0,1.821222713,2.720987311
2810,0,2.103936318,2.042792310
2811,0,2.305199281,1.766593482
2812,0,2.197971341,2.248042337
2813,0,2.271073874,1.864805444
2814,0,2.095637056,1.592165786
2815,0,1.859251278,1.698343595
2816,0,2.401346274,1.973576480
2817,0,1.929180924,2.222019706
2818,0,2.068387431,1.914948643
2819,0,2.020354358,1.639619812
2820,0,2.255847762,2.196324208
2821,0,1.546714030,1.781970354
2822,0,2.231047423,2.749530389
2823,0,1.415529827,1.310777049
2824,0,1.971138272,1.208570002
2825,0,2.144201596,1.665978052
2826,0,2.221920236,2.518730237
2827,0,1.759633973,1.903391365
2828,0,1.520268148,2.349493835
2829,0,2.488437952,1.904378859
2830,0,2.082524903,1.714714644
2831,0,1.976906122,1.701401642
2832,0,0.998273492,0.951086879
2833,0,1.775062098,1.846153846
2834,0,1.659888634,1.193724151
2835,0,1.262449690,0.550033381
2836,0,1.672684689,1.178102811
2837,0,1.934860199,1.123180875
2838,0,2.253720931,1.711812086
2839,0,2.023864013,1.162531548
2840,0,1.716237964,1.253490169
2841,0,1.877945179,1.100212019
2842,0,2.219993977,1.564852934
2843,0,1.939775228,1.576490832
2844,0,0.994649923,1.086067467
2845,0,-0.000000000,0.000000000
2846,0,1.000000000,1.000000000
2847,0,1.500000000,1.000000000
2848,0,1.715889186,1.139240506
2849,0,1.274699269,1.724294813
2850,0,1.200118624,1.047584642
2851,0,1.962567725,2.018556647
2852,0,1.989686118,2.619483654
2853,0,2.451115035,2.027102546
2854,0,1.970649078,1.877531930
2855,0,1.722204506,1.226175035
2856,0,1.906906384,1.191838912
2857,0,2.138384241,1.395600555
2858,0,2.045864548,1.970754076
2859,0,1.536013099,1.550770314
2860,0,1.533643023,1.143635538
2861,0,2.088876117,1.432499771
2862,0,2.443776568,2.021350735
2863,0,1.918344788,1.205345947
2864,0,1.590105795,1.158372499
2865,0,-0.000000000,0.000000000
2866,0,1.000000000,1.000000000
2867,0,1.775858948,1.076923077
2868,0,2.228106067,1.615384615
2869,0,1.546291278,1.996047431
2870,0,2.250670250,1.631349782
2871,0,1.993716325,2.081709279
2872,0,2.000817930,1.536370476
2873,0,2.294781059,2.401646681
2874,0,1.924027164,1.726284536
2875,0,1.391474712,1.077155852
2876,0,1.207602054,0.469763048
2877,0,1.653926236,1.399741872
2878,0,1.866663180,1.761812947
2879,0,1.326358713,1.011673926
2880,0,0.491257484,0.213230061
2881,0,1.104360456,0.474971330
2882,0,1.001953186,0.927698165
2883,0,1.464884248,0.933504552
2884,0,0.739542562,0.417569424
2885,0,0.643456593,0.327713321
2886,0,0.994247754,1.089239580
2887,0,1.497123877,1.000000000
2888,0,1.379970326,1.258151209
2889,0,1.351259493,1.219472158
2890,0,-0.000000000,0.000000000
2891,0,0.591672779,1.714285714
2892,0,-0.000000000,0.000000000
2893,0,1.000000000,1.000000000
2894,0,-0.000000000,0.000000000
2895,0,-0.000000000,0.000000000
2896,0,-0.000000000,0.000000000
2897,0,0.591672779,0.285714286
2898,0,0.676197461,0.285714286
2899,0,0.840596339,0.375241779
2900,0,1.150452720,0.787440956
2901,0,0.906687002,0.539956512
2902,0,0.785827939,0.354441240
2903,0,1.115561070,0.983004186
2904,0,1.064934639,1.374195953
2905,0,0.958052898,0.661577899
2906,0,0.802072651,1.653922934
2907,0,1.075959423,0.933945299
2908,0,1.015423330,1.531173665
2909,0,1.635125952,2.377743957
2910,0,0.739132497,1.582452254
2911,0,0.990907377,1.112154128
2912,0,0.940468513,0.714716612
2913,0,-0.000000000,0.000000000
2914,0,0.591672779,0.285714286
2915,0,0.676197461,0.285714286
2916,0,0.997821184,1.054945055
2917,0,0.734218662,0.285714286
2918,0,0.671059397,0.305442340
2919,0,0.704239509,0.336800062
2920,0,-0.000000000,0.000000000
2921,0,-0.000000000,0.000000000
2922,0,1.584962501,1.333333333
2923,0,2.124975399,1.180124224
2924,0,1.535987530,0.612553091
2925,0,2.130285366,1.493426669
2926,0,0.926936537,1.315540330
2927,0,1.463468269,1.000000000
2928,0,1.948943306,1.386890371
2929,0,2.407808263,1.885661314
2930,0,1.938022970,1.815619145
2931,0,2.465581428,2.650999411
2932,0,2.336462018,1.973073001
2933,0,2.496541352,1.669416931
2934,0,2.322054497,2.094662684
2935,0,2.447523032,2.787608944
2936,0,2.523151893,1.962817548
2937,0,2.370400260,2.771797347
2938,0,1.465349589,1.319666055
2939,0,1.874865833,1.146635916
2940,0,2.338367114,1.610279099
2941,0,2.205935580,1.571357794
2942,0,-0.000000000,0.000000000
2943,0,1.446616668,1.777777778
2944,0,1.844569347,1.825000000
2945,0,1.884708951,1.480350438
2946,0,1.894688779,1.101842752
2947,0,2.130806962,1.477344733
2948,0,2.507988892,1.801855255
2949,0,2.548623576,1.841083267
2950,0,2.534140027,1.546122270
2951,0,2.541576772,2.198470577
2952,0,-0.000000000,0.000000000
2953,0,1.584962501,1.333333333
2954,0,1.679045971,1.521739130
2955,0,1.829362179,1.784322610
2956,0,2.290155058,3.163007319
2957,0,2.362744851,3.577622467
2958,0,2.001759637,2.912297440
2959,0,2.066548805,2.887517957
2960,0,1.975755030,3.928653334
2961,0,1.814572986,4.862705020
2962,0,1.879858295,3.777308100
2963,0,2.092463554,2.725919711
2964,0,1.816987342,2.313725932
2965,0,2.339850550,2.847000157
2966,0,0.992102143,0.895459288
2967,0,1.915663215,1.930306192
2968,0,1.772841079,1.260459118
2969,0,2.191209132,1.845046017
2970,0,2.185047796,1.319059141
2971,0,1.856759929,1.292495842
2972,0,1.950505590,1.317210697
2973,0,-0.000000000,0.000000000
2974,0,1.061278124,0.500000000
2975,0,2.159593761,1.608695652
2976,0,1.905446964,1.268925739
2977,0,2.245808359,1.641855315
2978,0,2.045634684,1.648487800
2979,0,2.467652555,3.674950865
2980,0,2.556098512,3.570428228
2981,0,2.554734277,3.935568326
2982,0,0.655384022,1.673973096
2983,0,0.684068336,0.285967750
2984,0,0.578485053,0.275627950
2985,0,0.995708654,1.939401511
2986,0,1.076592061,0.620545580
2987,0,0.864671501,0.419063657
2988,0,1.073815725,1.113007499
2989,0,0.956961212,1.403403568
2990,0,-0.000000000,0.000000000
2991,0,1.000000000,1.000000000
2992,0,-0.000000000,0.000000000
2993,0,0.591672779,0.285714286
2994,0,0.676197461,0.285714286
2995,0,0.656313634,1.693811075
2996,0,0.572580466,0.271186441
2997,0,0.638227668,0.323287671
2998,0,0.682848160,0.285714286
2999,0,0.676132421,0.291483658
