0,0,5.157912221,5.577200453
1,0,4.774059847,6.116374491
2,0,4.022912987,6.210567332
3,0,4.031229936,5.274326906
4,0,3.641005348,5.341333484
5,0,3.542383439,5.473240784
6,0,3.265943911,5.663456527
7,0,2.979467026,4.412514603
8,0,3.180846338,3.334048027
9,0,3.053091059,3.635769507
10,0,3.089987655,3.134731433
11,0,2.263810848,1.868687253
12,0,1.676834831,0.779156120
13,0,1.207203303,1.019263047
14,0,1.643478513,0.762882454
15,0,1.207493596,1.015935091
16,0,1.643486169,0.762882466
17,0,2.507627472,1.179082587
18,0,1.987860063,0.820146335
19,0,1.358846162,1.014418724
20,0,1.816663513,2.002526823
21,0,1.798386199,1.081347676
22,0,1.646582934,0.763845331
23,0,1.207427369,1.015416174
24,0,1.643461910,1.999277782
25,0,1.207426312,1.015455572
26,0,1.635904253,1.125506688
27,0,2.249433510,1.436179479
28,0,-0.000000000,0.000000000
29,0,1.000000000,1.000000000
30,0,1.021928095,0.400000000
31,0,1.159955911,1.026993464
32,0,0.325026163,0.087275700
33,0,0.999999874,1.000418336
34,0,1.021928082,0.400000000
35,0,0.999984883,0.995422097
36,0,0.302291887,0.080000000
37,0,0.999999321,1.000970361
38,0,-0.000000000,0.000000000
39,0,1.000000000,1.000000000
40,0,0.302292189,0.080000000
41,0,1.042002482,1.007398693
42,0,0.318241032,0.085354490
43,0,1.074764114,1.004152509
44,0,1.242117505,1.049353698
45,0,1.517788311,1.121551703
46,0,1.413592881,0.951667219
47,0,1.616481332,1.129381881
48,0,1.361953837,0.831985789
49,0,1.734147727,1.127236766
50,0,2.385493737,1.993360501
51,0,2.050399435,2.089441077
52,0,1.977085408,1.356648446
53,0,1.954222531,1.568322891
54,0,0.853769861,0.791378343
55,0,1.327318838,1.601341929
56,0,0.419242013,0.204472680
57,0,0.999999643,0.999296356
58,0,0.302292182,0.080000000
59,0,1.041997532,1.005384776
60,0,1.881298885,1.209654405
61,0,1.096281166,1.004463256
62,0,0.314485491,0.083876307
63,0,0.999999529,0.999191581
64,0,1.021928048,0.400000000
65,0,0.999984659,1.004611556
66,0,1.021926561,0.400000000
67,0,1.159839497,1.037413628
68,0,1.077297530,0.429836691
69,0,1.173102974,1.037810943
70,0,0.327332351,0.088022337
71,0,1.046728132,1.007599378
72,0,0.307419013,0.081622852
73,0,0.999999578,0.999235500
74,0,-0.000000000,0.000000000
75,0,1.000000000,1.000000000
76,0,0.302292189,0.080000000
77,0,1.042002482,1.007398693
78,0,0.306823294,0.081434444
79,0,1.009062471,1.000281248
80,0,0.303067306,0.080244789
81,0,0.999999432,0.999112516
82,0,1.021928038,0.400000000
83,0,1.036482374,1.000731188
84,0,0.306136143,0.081216250
85,0,1.042691798,1.005543556
86,0,-0.000000000,0.000000000
87,0,1.000000000,1.000000000
88,0,1.500000000,1.000000000
89,0,2.186282674,1.599574468
90,0,-0.000000000,0.000000000
91,0,1.000000000,1.000000000
92,0,-0.000000000,0.000000000
93,0,1.000000000,1.000000000
94,0,1.021928095,0.400000000
95,0,1.036488422,1.010048802
96,0,0.306136756,0.081216458
97,0,1.009028355,1.000196819
98,0,-0.000000000,0.000000000
99,0,1.000000000,1.000000000
100,0,0.302292189,0.080000000
101,0,1.042002482,1.007398693
102,0,1.033196137,0.405959040
103,0,1.162612820,1.037140476
104,0,1.933358252,2.033696599
105,0,1.221906085,1.057087956
106,0,0.336330242,0.090942357
107,0,1.010319609,1.001336348
108,0,0.303188538,0.080282935
109,0,1.042172704,1.005458116
110,0,-0.000000000,0.000000000
111,0,1.000000000,1.000000000
112,0,0.302292189,0.080000000
113,0,0.999999425,0.999107284
114,0,1.870950422,1.999464370
115,0,1.094860034,1.002274920
116,0,1.896583815,1.403345571
117,0,1.098285372,1.031018627
118,0,1.052755586,0.416414259
119,0,0.999987791,0.995886007
120,0,1.021926874,1.999177201
121,0,1.036460292,1.000445857
122,0,-0.000000000,0.000000000
123,0,1.000000000,1.000000000
124,0,0.302292189,0.080000000
125,0,1.182011943,1.036063476
126,0,-0.000000000,0.000000000
127,0,1.000000000,1.000000000
128,0,-0.000000000,0.000000000
129,0,1.000000000,1.000000000
130,0,0.302292189,0.080000000
131,0,1.042002482,1.005398693
132,0,1.033196137,0.405959040
133,0,0.999988136,0.995944537
134,0,0.302291952,0.080000000
135,0,0.999999333,0.999038500
136,0,1.021928028,0.400000000
137,0,0.999984571,1.004624763
138,0,1.870945966,1.400000000
139,0,1.094778146,1.032537007
140,0,1.051484976,0.415741259
141,0,0.999986027,0.995598870
142,0,0.302291910,0.080000000
143,0,1.008870029,1.000082888
144,0,0.303049012,0.080239024
145,0,1.042137651,1.007422497
146,0,1.894017683,1.404672393
147,0,1.395613702,1.973227218
148,0,1.878284516,2.001144091
149,0,1.362598060,1.156355498
150,0,2.186490792,1.739523378
151,0,1.533643208,1.181244552
152,0,2.193767542,1.604583517
153,0,1.166004937,1.078653893
154,0,1.100730181,2.031856904
155,0,1.611851740,3.064866051
156,0,2.050335167,2.144407472
157,0,0.998954295,1.038069726
158,0,0.302271275,0.080000000
159,0,0.999999956,1.000247001
160,0,1.870950581,2.000148201
161,0,1.094874041,1.031351427
162,0,-0.000000000,0.000000000
163,0,1.000000000,1.000000000
164,0,0.302292189,0.080000000
165,0,1.008877014,1.000159612
166,0,1.872828063,2.000317240
167,0,0.999854966,0.985820680
168,0,1.021913591,0.400000000
169,0,1.036390483,1.011283385
170,0,1.879798510,1.999851927
171,0,0.999852608,1.014294109
172,0,1.870906377,1.200000000
173,0,1.094558615,1.035155217
174,0,-0.000000000,0.000000000
175,0,1.000000000,1.000000000
176,0,0.302292189,0.080000000
177,0,1.008877014,1.001980934
178,0,1.506834421,1.002334881
179,0,1.545259788,1.135921629
180,0,0.419188131,0.119377443
181,0,1.013796980,1.000066431
182,0,-0.000000000,0.000000000
183,0,1.000000000,1.000000000
184,0,1.021928095,0.400000000
185,0,1.575319280,1.166351830
186,0,-0.000000000,0.000000000
187,0,1.000000000,1.000000000
188,0,1.021928095,0.400000000
189,0,1.159955911,1.036993464
190,0,0.325026163,0.087275700
191,0,1.046251143,1.007660419
192,0,0.307358636,0.081603674
193,0,0.999999572,1.000770715
194,0,-0.000000000,0.000000000
195,0,1.000000000,1.000000000
196,0,0.302292189,0.080000000
197,0,1.042002482,1.007398693
198,0,1.881299887,1.209655755
199,0,1.096281861,1.004470838
200,0,1.052007343,0.416022002
201,0,0.999987975,1.004082842
202,0,0.302291949,0.080000000
203,0,1.041973734,1.007473091
204,0,1.033188696,0.405954452
205,0,1.037143737,1.001408673
206,0,0.306215872,0.081241418
207,0,1.009032552,1.001976459
208,0,1.506963136,1.999956125
209,0,1.149052198,1.054139229
210,0,1.913205021,1.405771960
211,0,1.100735999,1.030596099
212,0,0.315155691,0.084088423
213,0,0.999999553,0.999212388
214,0,1.021928050,0.400000000
215,0,0.999984671,0.995390239
216,0,1.021926562,1.999078048
217,0,1.036456886,1.000402016
218,0,1.031489896,2.000321440
219,0,1.162103332,3.004973055
220,0,1.927435059,4.617340045
221,0,1.530068918,3.918243096
222,0,1.418572858,2.700361944
223,0,1.469552468,4.111618520
224,0,2.609246191,3.389980306
225,0,0.890967034,1.383801736
226,0,-0.000000000,0.000000000
227,0,1.000000000,1.000000000
228,0,0.302292189,2.000000000
229,0,0.999999425,1.000892716
230,0,1.021928037,0.400000000
231,0,1.159933424,1.037074800
232,0,0.325022677,0.087274451
233,0,1.009811539,1.000773664
234,0,-0.000000000,0.000000000
235,0,1.000000000,1.000000000
236,0,1.500000000,2.000000000
237,0,1.503982014,1.276940904
238,0,2.283837475,1.578225533
239,0,2.240165627,1.510580237
240,0,1.755117877,1.380376129
241,0,1.919697106,1.998305083
242,0,1.123881408,1.242194438
243,0,1.092432932,1.035228824
244,0,1.426742480,1.842294251
245,0,1.882231493,1.232271326
246,0,1.818777771,1.005393403
247,0,1.627374122,1.312276280
248,0,0.478224028,2.066622471
249,0,1.160143282,1.075805025
250,0,1.811760651,1.114546698
251,0,1.882294658,1.397643526
252,0,0.647378812,0.605016173
253,0,1.211375953,1.067445279
254,0,1.200563535,0.508844152
255,0,1.308448473,1.125495503
256,0,-0.000000000,0.000000000
257,0,1.000000000,1.000000000
258,0,0.302292189,0.080000000
259,0,1.008877014,1.001980934
260,0,-0.000000000,0.000000000
261,0,1.000000000,1.000000000
262,0,1.870950594,2.000000000
263,0,1.094879386,1.031284530
264,0,1.051507921,0.415755879
265,0,1.166660541,1.038453443
266,0,1.918412260,1.406838061
267,0,1.101997688,1.012629663
268,0,0.315329105,0.084145418
269,0,1.191654098,1.039075139
270,0,1.926004792,2.030960346
271,0,1.103641457,3.003464884
272,0,1.774084101,2.067387875
273,0,1.653102847,1.488066004
274,0,0.729317170,0.400947640
275,0,1.169323647,1.147481713
276,0,1.165665853,0.591029367
277,0,1.113064672,1.064712372
278,0,-0.000000000,0.000000000
279,0,1.000000000,1.000000000
280,0,1.500000000,2.000000000
281,0,1.148484269,1.054186603
282,0,1.072775482,0.427319996
283,0,1.171528063,1.030578952
284,0,0.327061136,0.087931589
285,0,1.009900078,1.000846345
286,0,-0.000000000,0.000000000
287,0,1.000000000,1.000000000
288,0,0.302292189,0.080000000
289,0,1.042002482,1.007398693
290,0,1.533107091,1.995636206
291,0,1.151927106,1.051979459
292,0,-0.000000000,0.000000000
293,0,1.000000000,1.000000000
294,0,1.021928095,1.800000000
295,0,0.999985120,1.004541811
296,0,0.302291891,0.080000000
297,0,1.181888741,1.039220734
298,0,1.086722325,0.435071085
299,0,0.999998683,0.998648965
300,0,1.021927963,0.400000000
301,0,1.036479210,1.010166441
302,0,1.031495075,0.405054449
303,0,0.999985606,1.004467068
304,0,1.870946276,2.002680241
305,0,1.094781639,1.032494302
306,0,1.896572711,1.225188643
307,0,1.098259339,1.004043883
308,0,1.052749387,1.796783835
309,0,1.166989870,1.038401713
310,0,1.080277713,1.992557216
311,0,1.173878525,1.988337487
312,0,1.083142652,1.793536587
313,0,1.174695492,1.037325772
314,0,1.083477651,0.433247455
315,0,1.174804597,1.037222825
316,0,1.083521375,0.433273111
317,0,1.040180953,1.007341860
318,0,0.306585897,0.081358391
319,0,1.009053349,1.000277720
320,0,1.026838765,0.401664089
321,0,1.163117344,1.037776430
322,0,-0.000000000,0.000000000
323,0,1.000000000,1.000000000
324,0,-0.000000000,0.000000000
325,0,1.000000000,1.000000000
326,0,-0.000000000,0.000000000
327,0,1.000000000,1.000000000
328,0,1.021928095,2.000000000
329,0,1.159955911,1.036993464
330,0,1.955018253,1.261150384
331,0,1.404012067,1.190575551
332,0,1.362164333,0.617743666
333,0,1.979847696,1.495130793
334,0,1.826178649,0.968978045
335,0,1.396959690,1.374125581
336,0,2.024713665,1.284020343
337,0,1.229666836,1.099669329
338,0,1.181341015,0.500149069
339,0,1.317963402,1.104751381
340,0,1.908873409,1.293542933
341,0,1.245688991,1.123237265
342,0,0.405358199,0.372591170
343,0,1.209319366,1.118609558
344,0,1.891830262,1.208944105
345,0,1.339988035,1.133943973
346,0,1.098596696,1.508753800
347,0,0.454585331,1.936286288
348,0,1.239042022,1.061002438
349,0,1.724240890,2.000557299
350,0,1.580782265,2.439371826
351,0,1.402029609,2.200440074
352,0,1.182950646,1.261308783
353,0,1.232483265,0.502582688
354,0,1.949571644,1.508037076
355,0,1.934451097,1.261429213
356,0,2.158206840,1.593150959
357,0,2.441771996,1.580256917
358,0,2.254000965,1.688023312
359,0,2.147562588,2.368315067
360,0,2.553762867,2.180650175
361,0,2.531217841,2.745392174
362,0,2.640407120,3.527347240
363,0,3.539668321,3.235307141
364,0,3.556564439,2.995592427
365,0,2.273738155,2.830990914
366,0,2.558781918,2.481488685
367,0,2.411087361,2.749528970
368,0,2.923531689,3.345499090
369,0,3.042178591,3.952802752
370,0,2.379840880,2.728613786
371,0,2.992236194,2.422692154
372,0,2.693708047,2.552334108
373,0,2.406562068,2.662193229
374,0,2.686796480,3.740387016
375,0,2.297895844,2.843602884
376,0,1.824307409,3.023122706
377,0,1.426049637,3.283312205
378,0,0.712259780,1.609564582
379,0,-0.000000000,0.000000000
380,0,1.000000000,1.000000000
381,0,1.870950594,1.200000000
382,0,1.138751800,1.022289157
383,0,0.319766260,0.085651291
384,0,1.013646706,1.001489339
385,0,-0.000000000,0.000000000
386,0,1.000000000,1.000000000
387,0,-0.000000000,0.000000000
388,0,1.000000000,1.000000000
389,0,1.021928095,0.400000000
390,0,1.052690404,1.007034221
391,0,-0.000000000,0.000000000
392,0,1.000000000,1.000000000
393,0,0.302292189,0.080000000
394,0,1.000000000,1.000000000
395,0,0.302292189,0.080000000
396,0,1.012773762,1.001377513
397,0,0.303367094,0.080344681
398,0,1.060426407,1.008262715
399,0,1.037712657,0.408612372
400,0,1.000000000,1.000000000
401,0,-0.000000000,0.000000000
402,0,1.000000000,1.000000000
403,0,0.302292189,0.080000000
404,0,1.012773762,1.001377513
405,0,1.873460820,1.399805497
406,0,1.000000000,1.000000000
407,0,-0.000000000,0.000000000
408,0,1.000000000,1.000000000
409,0,1.021928095,0.400000000
410,0,1.139609612,1.040985802
411,0,1.062777530,1.499167253
412,0,1.842965429,2.488549553
413,0,1.785656814,1.917800585
414,0,1.692865086,1.203425627
415,0,2.423738145,1.911598156
416,0,2.339340480,1.683548823
417,0,1.917721468,2.079782360
418,0,2.083010422,2.171130992
419,0,2.275153623,2.101973202
420,0,2.063858886,1.988099958
421,0,2.303495996,1.498672577
422,0,2.312464875,2.415772883
423,0,2.373333439,2.944874642
424,0,1.361145080,1.950667704
425,0,0.513544618,0.227521633
426,0,0.609930161,0.198022356
427,0,1.564222060,1.746538190
428,0,1.723600589,0.894605635
429,0,1.257875638,1.072266317
430,0,0.877627769,0.550127830
431,0,1.242976645,1.015298954
432,0,1.135827812,1.475028650
433,0,1.283882047,1.027178447
434,0,1.187157147,1.479233923
435,0,-0.000000000,0.000000000
436,0,-0.000000000,0.000000000
437,0,-0.000000000,0.000000000
438,0,0.921928095,0.400000000
439,0,-0.000000000,0.000000000
440,0,-0.000000000,0.000000000
441,0,-0.000000000,0.000000000
442,0,0.921928095,0.400000000
443,0,0.175964403,0.044444444
444,0,0.309486490,0.087726358
445,0,0.012358551,0.002100416
446,0,0.283757856,0.080327101
447,0,0.009708563,0.001519002
448,0,0.925358501,1.799798859
449,0,0.040038911,0.007649619
450,0,0.287357890,0.081304157
451,0,-0.000000000,0.000000000
452,0,0.921928095,0.400000000
453,0,0.175964403,0.044444444
454,0,0.309486490,0.087726358
455,0,0.058905047,0.012541918
456,0,-0.000000000,0.000000000
457,0,-0.000000000,0.000000000
458,0,0.282292189,0.080000000
459,0,-0.000000000,0.000000000
460,0,0.921928095,1.800000000
461,0,-0.000000000,0.000000000
462,0,0.282292189,0.080000000
463,0,0.009543159,0.001486989
464,0,-0.000000000,0.000000000
465,0,-0.000000000,0.000000000
466,0,1.570950594,1.200000000
467,0,0.104041954,0.023529412
468,0,-0.000000000,0.000000000
469,0,-0.000000000,0.000000000
470,0,-0.000000000,0.000000000
471,0,-0.000000000,0.000000000
472,0,1.570950594,1.400000000
473,0,0.104041954,0.023529412
474,0,0.964387511,0.416753927
475,0,0.202775797,0.053577661
476,0,1.239233835,1.020259294
477,0,1.021608283,0.931251599
478,0,1.286018364,1.163642445
479,0,1.043922616,0.943133762
480,0,1.467826322,1.044066239
481,0,0.925394762,0.387416463
482,0,0.498594836,0.171343712
483,0,0.415290762,1.963444464
484,0,0.388460408,1.957678446
485,0,1.640089466,1.307787410
486,0,1.493602283,1.009663699
487,0,1.364705599,0.839553830
488,0,1.073045093,0.422300101
489,0,0.693873275,0.264006741
490,0,0.626156634,0.190908242
491,0,0.513879680,0.149468781
492,0,1.109888786,0.481780003
493,0,0.572669781,0.187077176
494,0,1.647926006,1.225149133
495,0,2.158219266,1.292844186
496,0,1.752057551,1.179426659
497,0,0.020115442,0.007683780
498,0,0.022013732,0.005761274
499,0,0.159000817,0.043554869
500,0,1.590909722,1.328980915
501,0,0.926856817,0.684290572
502,0,1.463428408,1.000000000
503,0,1.498148382,0.978866547
504,0,-0.000000000,0.000000000
505,0,1.000000000,1.000000000
506,0,0.302292189,0.080000000
507,0,1.008877014,1.001980934
508,0,0.303049604,0.080239223
509,0,1.042138368,1.005427547
510,0,-0.000000000,0.000000000
511,0,1.000000000,1.000000000
512,0,0.302292189,2.000000000
513,0,1.008877014,1.000159612
514,0,-0.000000000,0.000000000
515,0,1.000000000,1.000000000
516,0,-0.000000000,0.000000000
517,0,1.000000000,1.000000000
518,0,1.021928095,0.400000000
519,0,1.575319280,1.166351830
520,0,0.428773819,0.122842456
521,0,1.066104933,1.008535274
522,0,1.041040775,0.410111408
523,0,1.037658599,1.008811031
524,0,0.306277385,0.081260944
525,0,0.999999484,0.999154063
526,0,1.021928043,0.400000000
527,0,1.036482657,1.010122461
528,0,1.031495876,1.999599538
529,0,1.581424148,1.941930268
530,0,2.029766041,1.430083987
531,0,1.125854222,1.053433175
532,0,0.319108088,0.085366931
533,0,0.999999987,0.999867870
534,0,0.302292189,0.080000000
535,0,1.008877223,1.001978665
536,0,-0.000000000,0.000000000
537,0,1.000000000,1.000000000
538,0,0.302292189,0.080000000
539,0,1.008877014,1.000159612
540,0,0.303049604,0.080239223
541,0,0.999999429,1.000889743
542,0,1.021928038,0.400000000
543,0,1.036482358,1.000730988
544,0,1.528729213,2.005485674
545,0,0.999579088,0.975845254
546,0,1.021886004,0.400000000
547,0,1.160140631,1.049326969
548,0,1.284268703,0.945782196
549,0,-0.000000000,0.000000000
550,0,-0.000000000,0.000000000
551,0,1.000000000,1.000000000
552,0,0.302292189,0.080000000
553,0,1.116417298,1.023581758
554,0,0.067713754,0.032283376
555,0,1.028514198,1.010278373
556,0,0.326386887,0.089803651
557,0,1.051857040,1.011521990
558,0,0.315594779,0.084720196
559,0,1.008314493,1.003171417
560,0,1.029240776,0.403736725
561,0,1.596636294,1.181438122
562,0,-0.000000000,0.000000000
563,0,1.000000000,1.000000000
564,0,1.870950594,1.200000000
565,0,0.999853521,0.985750210
566,0,1.021913447,1.997150042
567,0,1.159594191,1.025584318
568,0,1.077217654,0.429782198
569,0,1.039734144,1.003638593
570,0,-0.000000000,0.000000000
571,0,1.000000000,1.000000000
572,0,-0.000000000,0.000000000
573,0,1.000000000,1.000000000
574,0,0.302292189,0.080000000
575,0,1.182011943,1.039109291
576,0,1.640904904,1.074706630
577,0,2.241815734,1.687253013
578,0,1.823561884,1.069572261
579,0,0.996235952,1.072204843
580,0,1.021551690,0.400000000
581,0,0.999997941,0.998310382
582,0,-0.000000000,0.000000000
583,0,1.000000000,1.000000000
584,0,-0.000000000,0.000000000
585,0,1.000000000,1.000000000
586,0,1.870950594,1.400000000
587,0,0.999853521,1.014249790
588,0,-0.000000000,0.000000000
589,0,1.000000000,1.000000000
590,0,-0.000000000,0.000000000
591,0,1.000000000,1.000000000
592,0,0.302292189,0.080000000
593,0,0.999999425,0.999107284
594,0,0.302292178,0.080000000
595,0,1.041996202,1.005381037
596,0,-0.000000000,0.000000000
597,0,1.000000000,1.000000000
598,0,0.302292189,0.080000000
599,0,1.042002482,1.005398693
600,0,-0.000000000,0.000000000
601,0,1.000000000,1.000000000
602,0,0.302292189,0.080000000
603,0,1.008877014,1.000159612
604,0,1.023819627,0.400996265
605,0,1.160382413,1.037085781
606,0,0.325100347,0.087299580
607,0,1.009815131,1.000779310
608,0,-0.000000000,0.000000000
609,0,1.000000000,1.000000000
610,0,-0.000000000,0.000000000
611,0,1.000000000,1.000000000
612,0,-0.000000000,0.000000000
613,0,1.000000000,1.000000000
614,0,-0.000000000,0.000000000
615,0,1.000000000,1.000000000
616,0,1.870950594,1.400000000
617,0,0.999853521,0.985750210
618,0,1.870906651,1.991450126
619,0,1.374962345,3.009136302
620,0,1.980550645,2.057245268
621,0,1.113343835,1.027335552
622,0,0.317067577,0.084702078
623,0,1.009506798,1.001542417
624,0,-0.000000000,0.000000000
625,0,1.000000000,1.000000000
626,0,0.302292189,0.080000000
627,0,1.042002482,1.007398693
628,0,1.033196137,0.405959040
629,0,1.037145118,1.001422858
630,0,1.880000438,1.208369988
631,0,1.096029403,1.030995146
632,0,-0.000000000,0.000000000
633,0,1.000000000,1.000000000
634,0,-0.000000000,0.000000000
635,0,1.000000000,1.000000000
636,0,0.302292189,0.080000000
637,0,1.042002482,1.005398693
638,0,-0.000000000,0.000000000
639,0,1.000000000,1.000000000
640,0,1.021928095,0.400000000
641,0,1.159955911,1.036993464
642,0,1.077335582,0.429862764
643,0,1.039757332,1.008157780
644,0,1.032487228,0.405576123
645,0,1.037098827,1.009773639
646,0,-0.000000000,0.000000000
647,0,1.000000000,1.000000000
648,0,-0.000000000,0.000000000
649,0,1.000000000,1.000000000
650,0,-0.000000000,0.000000000
651,0,1.000000000,1.000000000
652,0,-0.000000000,0.000000000
653,0,1.000000000,1.000000000
654,0,1.870950594,1.400000000
655,0,0.999853521,0.985750210
656,0,0.302289259,0.080000000
657,0,1.041901848,1.007658356
658,0,0.307754200,0.081670370
659,0,1.189742874,1.040864622
660,0,0.330461636,0.089076155
661,0,1.203825550,1.043867572
662,0,0.333510141,0.090129534
663,0,1.047829526,1.007581579
664,0,1.050460156,0.411427283
665,0,1.256023526,1.073368372
666,0,1.227804298,0.513049330
667,0,1.251599148,1.095233312
668,0,1.218061170,0.510247277
669,0,1.158409416,1.054374844
670,0,0.432400746,0.179160400
671,0,1.165219677,1.111964685
672,0,0.439761744,0.614032815
673,0,1.047410123,1.030829193
674,0,1.067742834,0.434452630
675,0,1.024545191,1.010911746
676,0,1.022484854,0.400189709
677,0,1.162307712,1.049536352
678,0,0.464351854,0.173263248
679,0,1.070473620,1.019676096
680,0,-0.000000000,0.000000000
681,0,1.000000000,1.000000000
682,0,1.021928095,0.400000000
683,0,1.138458945,1.045092838
684,0,1.984814162,1.252519894
685,0,1.426311306,1.197094886
686,0,0.445269609,0.141691716
687,0,1.216944332,1.048334580
688,0,0.412299019,0.129498955
689,0,1.124627913,1.058475445
690,0,0.155456570,0.091406470
691,0,1.037317512,1.009686984
692,0,1.054891547,0.415760873
693,0,1.169764041,1.055689065
694,0,0.346574263,0.096339410
695,0,1.069556145,1.018887602
696,0,1.579934104,1.030996538
697,0,1.048379482,1.040137393
698,0,1.877195611,1.202160759
699,0,1.361356556,1.155178677
700,0,0.679032340,0.363632770
701,0,1.102600110,1.012350318
702,0,0.357731751,0.102894311
703,0,1.043649098,1.018621663
704,0,0.338457283,0.101595386
705,0,1.047010273,1.011288860
706,0,1.053326358,0.413220303
707,0,1.181872898,1.038522744
708,0,0.330438818,0.089606963
709,0,1.002834945,1.001137619
710,0,0.303972653,0.080735639
711,0,1.044524057,1.009774726
712,0,1.051019894,1.996473894
713,0,1.174303042,1.051304205
714,0,1.185321873,0.490906895
715,0,1.444102084,1.143174628
716,0,0.646098458,0.298373742
717,0,1.080427380,1.002964368
718,0,0.318000560,0.085169156
719,0,1.045451670,1.012347038
720,0,1.934082404,2.044680935
721,0,1.993355122,1.349064448
722,0,1.897816655,1.021597002
723,0,1.647557340,1.262243418
724,0,-0.000000000,0.000000000
725,0,1.000000000,1.000000000
726,0,1.021928095,0.400000000
727,0,1.036488422,1.000809672
728,0,1.889363856,1.403561781
729,0,1.985312998,1.492774546
730,0,0.385052990,0.299902158
731,0,1.378721436,1.209913755
732,0,0.546182239,0.498413533
733,0,1.011003420,1.002310742
734,0,0.314435303,0.084684736
735,0,1.049819187,1.012185990
736,0,0.010162038,0.005201432
737,0,1.003765292,1.001563190
738,0,0.305362304,0.081385993
739,0,1.003369252,1.002346023
740,0,0.305971031,0.082210872
741,0,1.011657598,1.002063030
742,0,-0.000000000,0.000000000
743,0,1.000000000,1.000000000
744,0,1.500000000,1.000000000
745,0,0.999553063,0.975109810
746,0,1.021883401,0.400000000
747,0,0.999967725,1.006688940
748,0,-0.000000000,0.000000000
749,0,1.000000000,1.000000000
750,0,-0.000000000,0.000000000
751,0,1.000000000,1.000000000
752,0,1.500000000,1.000000000
753,0,0.999553063,1.024890190
754,0,-0.000000000,0.000000000
755,0,1.000000000,1.000000000
756,0,0.302292189,0.080000000
757,0,0.999999425,0.999107284
758,0,1.870950422,1.200000000
759,0,1.094860034,1.002274920
760,0,1.776727803,1.095894101
761,0,1.654619961,1.935242381
762,0,2.516868461,2.091749810
763,0,1.432743628,1.054796428
764,0,-0.000000000,0.000000000
765,0,1.000000000,1.000000000
766,0,0.302292189,0.080000000
767,0,1.008877014,1.001980934
768,0,1.506834421,1.002334881
769,0,0.999558614,0.975264822
770,0,1.021883956,0.400000000
771,0,1.159324254,1.039247114
772,0,0.324929276,0.087241114
773,0,0.999999818,1.000501875
774,0,1.021928077,0.400000000
775,0,1.159943272,1.026943834
776,0,0.325024203,0.087274998
777,0,1.046250193,1.006721656
778,0,0.307358521,0.081603636
779,0,0.999999571,0.999229217
780,0,0.302292181,0.080000000
781,0,1.041997060,1.007412738
782,0,1.033194732,0.405958174
783,0,1.037144857,1.009674632
784,0,0.306215992,1.999888313
785,0,1.009032578,1.001976225
786,0,1.872865673,1.201656526
787,0,1.095105390,1.002659097
788,0,-0.000000000,0.000000000
789,0,1.000000000,1.000000000
790,0,0.302292189,0.080000000
791,0,1.008877014,1.000159612
792,0,-0.000000000,0.000000000
793,0,1.000000000,1.000000000
794,0,0.302292189,0.080000000
795,0,1.008877014,1.001980934
796,0,0.303049604,1.959940226
797,0,1.042138368,1.005427547
798,0,-0.000000000,0.000000000
799,0,1.000000000,1.000000000
800,0,-0.000000000,0.000000000
801,0,1.000000000,1.000000000
802,0,1.870950594,1.400000000
803,0,0.999853521,1.014249790
804,0,0.302289259,0.080000000
805,0,1.181623851,1.039458955
806,0,1.086629392,0.435007998
807,0,0.999998431,0.998525128
808,0,1.021927938,0.400000000
809,0,0.999984275,1.004669053
810,0,0.302291875,0.080000000
811,0,1.041969600,1.005306349
812,0,1.033187627,0.405953794
813,0,1.162606856,1.037156791
814,0,0.325486289,0.087424466
815,0,0.999999889,0.999608201
816,0,-0.000000000,0.000000000
817,0,1.000000000,1.000000000
818,0,0.302292189,0.080000000
819,0,0.999999425,1.000892716
820,0,-0.000000000,0.000000000
821,0,1.000000000,1.000000000
822,0,-0.000000000,0.000000000
823,0,1.000000000,1.000000000
824,0,1.021928095,0.400000000
825,0,1.036488422,1.010048802
826,0,0.306136756,0.081216458
827,0,1.042692534,1.005545415
828,0,-0.000000000,0.000000000
829,0,1.000000000,1.000000000
830,0,1.500000000,1.000000000
831,0,0.999553063,0.975109810
832,0,1.021883401,0.400000000
833,0,1.036314661,1.012215885
834,0,1.031457299,2.000104312
835,0,1.037000828,1.010284866
836,0,1.031654140,0.405137238
837,0,1.037028532,1.000989075
838,0,-0.000000000,0.000000000
839,0,1.000000000,1.000000000
840,0,-0.000000000,0.000000000
841,0,1.000000000,1.000000000
842,0,1.870950594,1.200000000
843,0,0.999853521,0.985750210
844,0,1.021913447,1.997150042
845,0,1.036389989,0.999549563
846,0,1.031474481,0.405041908
847,0,1.037009131,1.000863755
848,0,1.879965818,1.208335457
849,0,1.096068431,1.003165241
850,0,1.609099930,2.028794570
851,0,1.206009718,1.033983600
852,0,0.335778535,0.093161509
853,0,1.011603906,1.001300771
854,0,1.025991615,0.402130599
855,0,1.036836219,1.010088106
856,0,1.035861292,0.406226812
857,0,1.262546464,1.076618970
858,0,1.975431624,1.998700469
859,0,1.415481753,1.190450157
860,0,0.728543377,0.425034387
861,0,1.183071933,1.076470079
862,0,0.514658814,0.211568722
863,0,1.240582127,1.100276258
864,0,1.804220333,2.011346328
865,0,0.998714067,0.957784452
866,0,-0.000000000,0.000000000
867,0,1.000000000,1.000000000
868,0,1.870950594,2.000000000
869,0,1.382893876,1.195712098
870,0,0.710073842,0.412600586
871,0,1.033537520,0.995532265
872,0,1.264406244,1.051110525
873,0,0.294408524,0.085257168
874,0,1.058594782,0.463814646
875,0,1.234382562,0.839434222
876,0,1.527694061,1.212027236
877,0,0.851959819,0.419037205
878,0,0.446414104,0.152071101
879,0,1.121721497,0.497231393
880,0,1.250440383,0.750754505
881,0,1.590788828,0.711455603
882,0,0.941407455,0.346864591
883,0,0.315338340,0.112749802
884,0,0.202831083,0.062969396
885,0,0.128328503,0.035258893
886,0,0.358808764,0.098248588
887,0,1.040506036,0.460821317
888,0,0.030444844,0.006238996
889,0,1.009286746,1.003470866
890,0,0.838031232,0.529152661
891,0,1.326540953,1.333065481
892,0,2.322568315,1.561035033
893,0,1.836287890,1.368691430
894,0,1.548877535,1.654570290
895,0,2.029953436,1.264101775
896,0,2.076887007,1.082110383
897,0,1.990539724,1.031734325
898,0,0.226305267,0.146251889
899,0,1.148233362,0.524314106
900,0,1.090037620,0.607012080
901,0,1.317454442,1.565971865
902,0,1.233069750,1.541228181
903,0,-0.000000000,0.000000000
904,0,0.921928095,0.400000000
905,0,0.039584219,0.007547170
906,0,0.936957107,0.405369128
907,0,0.009000898,0.003051572
908,0,0.291293087,0.082960024
909,0,0.048195999,0.009590605
910,0,-0.000000000,0.000000000
911,0,-0.000000000,0.000000000
912,0,-0.000000000,0.000000000
913,0,-0.000000000,0.000000000
914,0,0.921928095,0.400000000
915,0,0.175964403,0.044444444
916,0,-0.000000000,0.000000000
917,0,-0.000000000,0.000000000
918,0,1.570950594,1.200000000
919,0,0.420026002,0.133333333
920,0,1.121220527,0.495522388
921,0,0.151358866,0.063705799
922,0,-0.000000000,0.000000000
923,0,-0.000000000,0.000000000
924,0,0.921928095,1.800000000
925,0,0.373642264,1.922222222
926,0,1.800289763,1.769296014
927,0,0.811278124,0.500000000
928,0,1.378328855,0.577777778
929,0,1.537915396,0.738539043
930,0,0.245749751,0.081512879
931,0,0.429928392,0.121583944
932,0,0.410106638,0.115984045
933,0,0.326433562,0.095490648
934,0,0.999698807,1.020433143
935,0,0.302286165,0.080000000
936,0,0.999999922,1.000328977
937,0,0.302292188,0.080000000
938,0,1.060184319,1.008228144
939,0,0.308717777,0.082066230
940,0,1.061632540,1.008465207
941,0,0.308898549,0.082124259
942,0,1.013103016,1.001419576
943,0,0.303398318,0.080354646
944,0,1.000000000,1.000000000
945,0,-0.000000000,0.000000000
946,0,1.000000000,1.000000000
947,0,0.302292189,0.080000000
948,0,1.012773762,1.001377513
949,0,1.024571058,0.401435139
950,0,1.000000000,1.000000000
951,0,-0.000000000,0.000000000
952,0,1.000000000,1.000000000
953,0,-0.000000000,0.000000000
954,0,1.000000000,1.000000000
955,0,1.870950594,1.400000000
956,0,1.532052555,1.123333333
957,0,0.401554049,0.113415966
958,0,1.082832521,1.012147939
959,0,-0.000000000,0.000000000
960,0,1.000000000,1.000000000
961,0,1.021928095,1.800000000
962,0,1.000000000,1.000000000
963,0,0.302292189,0.080000000
964,0,1.000000000,1.000000000
965,0,-0.000000000,0.000000000
966,0,1.000000000,1.000000000
967,0,0.302292189,0.080000000
968,0,1.000000000,1.000000000
969,0,1.870950594,1.400000000
970,0,1.000000000,1.000000000
971,0,1.870950594,1.200000000
972,0,1.138751800,1.022289157
973,0,1.904985459,1.396932795
974,0,1.144300576,1.023463573
975,0,-0.000000000,0.000000000
976,0,1.000000000,1.000000000
977,0,1.021928095,0.400000000
978,0,1.000000000,1.000000000
979,0,1.500000000,2.000000000
980,0,1.220308818,1.039361702
981,0,1.663221696,1.061364597
982,0,1.817718974,1.229223233
983,0,0.489642797,0.145556918
984,0,1.022562370,1.002691351
985,0,0.304340155,0.080655312
986,0,1.012876355,1.001390648
987,0,0.303376803,0.080347778
988,0,1.258372110,1.048075767
989,0,1.111642727,0.450322021
990,0,1.059130321,1.008101248
991,0,-0.000000000,0.000000000
992,0,1.000000000,1.000000000
993,0,1.500000000,2.000000000
994,0,1.764492375,1.205555556
995,0,-0.000000000,0.000000000
996,0,1.000000000,1.000000000
997,0,0.302292189,0.080000000
998,0,1.012773762,1.001377513
999,0,0.303367094,0.080344681
1000,0,1.012827240,1.001384331
1001,0,0.303372157,0.080346297
1002,0,1.000000000,1.000000000
1003,0,1.870950594,2.000000000
1004,0,1.532052555,1.123333333
1005,0,0.401554049,0.113415966
1006,0,1.082832521,1.012147939
1007,0,0.311643502,0.083006785
1008,0,1.062301823,1.008578383
1009,0,1.038284817,0.408922933
1010,0,1.232678591,1.042187010
1011,0,1.100838236,0.444070818
1012,0,1.839516534,1.237146804
1013,0,0.498725059,0.149055120
1014,0,1.000000000,1.000000000
1015,0,-0.000000000,0.000000000
1016,0,1.000000000,1.000000000
1017,0,1.870950594,2.000000000
1018,0,2.305215896,3.000000000
1019,0,2.076761654,2.015706320
1020,0,1.760123767,1.209380782
1021,0,1.366652306,0.612660708
1022,0,1.079808717,1.011719492
1023,0,0.312602944,0.083242480
1024,0,1.001582537,1.000433696
1025,0,0.001699757,0.000703291
1026,0,1.001690606,1.000562633
1027,0,-0.000000000,0.000000000
1028,0,1.000000000,1.000000000
1029,0,-0.000000000,0.000000000
1030,0,1.000000000,1.000000000
1031,0,0.302292189,0.080000000
1032,0,1.012773762,1.001377513
1033,0,1.024571058,0.401435139
1034,0,1.228852925,1.041283932
1035,0,1.099273232,0.443181816
1036,0,1.058222756,1.007949362
1037,0,1.884160677,2.000403001
1038,0,1.140764491,1.022714423
1039,0,1.905571585,2.001123819
1040,0,1.930411563,3.001161924
1041,0,2.908644202,2.481891373
1042,0,1.000000000,1.000000000
1043,0,1.021928095,0.400000000
1044,0,1.228118215,1.041111111
1045,0,-0.000000000,0.000000000
1046,0,1.000000000,1.000000000
1047,0,-0.000000000,0.000000000
1048,0,1.000000000,1.000000000
1049,0,1.021928095,0.400000000
1050,0,1.228118215,1.041111111
1051,0,1.929031819,1.394469234
1052,0,1.148745910,1.024413463
1053,0,-0.000000000,0.000000000
1054,0,1.000000000,1.000000000
1055,0,1.021928095,1.800000000
1056,0,1.784319623,1.942307692
1057,0,2.052217958,2.008552632
1058,0,1.000000000,1.000000000
1059,0,0.302292189,0.080000000
1060,0,1.000000000,1.000000000
1061,0,1.021928095,0.400000000
1062,0,1.052690404,1.007034221
1063,0,0.307787926,0.081766365
1064,0,1.000000000,1.000000000
1065,0,1.500000000,2.000000000
1066,0,1.764492375,1.944444444
1067,0,2.638988250,2.289053592
1068,0,2.349154046,1.558242309
1069,0,-0.000000000,0.000000000
1070,0,1.000000000,1.000000000
1071,0,-0.000000000,0.000000000
1072,0,1.000000000,1.000000000
1073,0,0.302292189,0.080000000
1074,0,1.000000000,1.000000000
1075,0,-0.000000000,0.000000000
1076,0,1.000000000,1.000000000
1077,0,1.870950594,2.000000000
1078,0,2.305215896,3.000000000
1079,0,0.771659036,2.000000000
1080,0,1.000000000,1.000000000
1081,0,1.021928095,0.400000000
1082,0,1.052690404,1.007034221
1083,0,0.307787926,0.081766365
1084,0,1.000000000,1.000000000
1085,0,-0.000000000,0.000000000
1086,0,1.000000000,1.000000000
1087,0,1.021928095,0.400000000
1088,0,1.052690404,1.007034221
1089,0,1.540702475,1.012017043
1090,0,1.224326969,1.040362209
1091,0,1.097373397,0.442064205
1092,0,1.249386105,1.046187093
1093,0,1.935056224,1.274238896
1094,0,1.000000000,1.000000000
1095,0,-0.000000000,0.000000000
1096,0,1.000000000,1.000000000
1097,0,0.302292189,0.080000000
1098,0,1.060184319,1.008222222
1099,0,0.308717777,0.082066230
1100,0,1.000000000,1.000000000
1101,0,0.302292189,0.080000000
1102,0,1.257422929,1.047844828
1103,0,1.111242665,0.450092421
1104,0,1.059100504,1.008096207
1105,0,1.037298651,0.408372878
1106,0,1.053772595,1.007211965
1107,0,-0.000000000,0.000000000
1108,0,1.000000000,1.000000000
1109,0,-0.000000000,0.000000000
1110,0,1.000000000,1.000000000
1111,0,0.302292189,0.080000000
1112,0,1.257422929,1.047844828
1113,0,1.936898942,1.393614425
1114,0,1.150536514,1.024798403
1115,0,0.321573612,1.957912640
1116,0,1.013746969,1.001505780
1117,0,-0.000000000,0.000000000
1118,0,1.000000000,1.000000000
1119,0,0.302292189,0.080000000
1120,0,1.012773762,1.001377513
1121,0,-0.000000000,0.000000000
1122,0,1.000000000,1.000000000
1123,0,0.302292189,0.080000000
1124,0,1.012773762,1.001377513
1125,0,-0.000000000,0.000000000
1126,0,1.000000000,1.000000000
1127,0,1.021928095,0.400000000
1128,0,1.052690404,1.007034221
1129,0,-0.000000000,0.000000000
1130,0,1.000000000,1.000000000
1131,0,-0.000000000,0.000000000
1132,0,1.000000000,1.000000000
1133,0,-0.000000000,0.000000000
1134,0,1.000000000,1.000000000
1135,0,-0.000000000,0.000000000
1136,0,1.000000000,1.000000000
1137,0,1.870950594,2.000000000
1138,0,1.532052555,1.966666667
1139,0,1.242499492,1.759231462
1140,0,1.000000000,1.000000000
1141,0,1.021928095,0.400000000
1142,0,1.052690404,1.007034221
1143,0,0.307787926,0.081766365
1144,0,1.061422809,1.008429735
1145,0,-0.000000000,0.000000000
1146,0,1.000000000,1.000000000
1147,0,0.302292189,0.080000000
1148,0,1.257422929,1.047844828
1149,0,2.008994197,2.002635582
1150,0,1.488609613,1.214459624
1151,0,1.404260775,0.649597972
1152,0,1.521554921,1.154088757
1153,0,0.595452674,0.324213507
1154,0,1.274794563,1.056466215
1155,0,0.950801424,1.458805618
1156,0,1.552359196,1.032188672
1157,0,1.599396583,1.941573939
1158,0,1.527547651,2.794149911
1159,0,2.206458281,2.966129174
1160,0,2.688400881,3.395955484
1161,0,3.195550845,2.160291470
1162,0,3.430450824,2.632186156
1163,0,2.769229646,2.396002089
1164,0,2.062581734,2.365688036
1165,0,0.426600809,0.183076208
1166,0,1.325093615,1.063054786
1167,0,0.023445892,0.021473007
1168,0,1.072987858,1.086548428
1169,0,0.323986553,0.100302179
1170,0,1.014397759,1.002145079
1171,0,1.026106080,0.401913833
1172,0,1.180443471,1.059615523
1173,0,1.182402291,0.488885949
1174,0,1.511253203,1.510309779
1175,0,1.555157679,0.951752310
1176,0,2.152750045,1.403227704
1177,0,-0.000000000,0.000000000
1178,0,1.000000000,1.000000000
1179,0,1.500000000,2.000000000
1180,0,1.764492375,1.205555556
1181,0,-0.000000000,0.000000000
1182,0,1.000000000,1.000000000
1183,0,-0.000000000,0.000000000
1184,0,1.000000000,1.000000000
1185,0,0.302292189,0.080000000
1186,0,1.257422929,1.047844828
1187,0,1.688198603,2.021209839
1188,0,1.000000000,1.000000000
1189,0,-0.000000000,0.000000000
1190,0,1.000000000,1.000000000
1191,0,0.302292189,0.080000000
1192,0,1.000000000,1.000000000
1193,0,-0.000000000,0.000000000
1194,0,1.000000000,1.000000000
1195,0,-0.000000000,0.000000000
1196,0,1.000000000,1.000000000
1197,0,-0.000000000,0.000000000
1198,0,1.000000000,1.000000000
1199,0,1.021928095,0.400000000
1200,0,1.052690404,1.007034221
1201,0,-0.000000000,0.000000000
1202,0,1.000000000,1.000000000
1203,0,0.302292189,0.080000000
1204,0,1.060184319,1.008222222
1205,0,1.037639028,1.797315197
1206,0,1.000000000,1.000000000
1207,0,1.021928095,0.400000000
1208,0,1.000000000,1.000000000
1209,0,0.302292189,0.080000000
1210,0,1.060184319,1.008222222
1211,0,0.308717777,0.082066230
1212,0,1.061632540,1.008464963
1213,0,1.884956188,2.000425927
1214,0,1.000000000,1.000000000
1215,0,-0.000000000,0.000000000
1216,0,1.000000000,1.000000000
1217,0,-0.000000000,0.000000000
1218,0,1.000000000,1.000000000
1219,0,1.870950594,2.000000000
1220,0,1.532052555,1.123333333
1221,0,-0.000000000,0.000000000
1222,0,1.000000000,1.000000000
1223,0,0.302292189,0.080000000
1224,0,1.000000000,1.000000000
1225,0,-0.000000000,0.000000000
1226,0,1.000000000,1.000000000
1227,0,0.302292189,0.080000000
1228,0,1.012773762,1.001377513
1229,0,1.024571058,0.401435139
1230,0,1.000000000,1.000000000
1231,0,0.302292189,0.080000000
1232,0,1.000000000,1.000000000
1233,0,1.870950594,1.400000000
1234,0,1.532052555,1.123333333
1235,0,0.401554049,0.113415966
1236,0,1.017831718,1.002040046
1237,0,1.025785577,0.402088591
1238,0,1.229194914,1.041365057
1239,0,1.099412617,0.443260782
1240,0,1.000000000,1.000000000
1241,0,0.302292189,0.080000000
1242,0,1.257422929,1.047844828
1243,0,1.936898942,2.002291215
1244,0,1.000000000,1.000000000
1245,0,0.302292189,0.080000000
1246,0,1.060184319,1.008222222
1247,0,0.308717777,0.082066230
1248,0,1.000000000,1.000000000
1249,0,1.021928095,0.400000000
1250,0,1.000000000,1.000000000
1251,0,0.302292189,0.080000000
1252,0,1.012773762,1.001377513
1253,0,1.024571058,0.401435139
1254,0,1.000000000,1.000000000
1255,0,-0.000000000,0.000000000
1256,0,1.000000000,1.000000000
1257,0,0.302292189,0.080000000
1258,0,1.000000000,1.000000000
1259,0,0.302292189,0.080000000
1260,0,1.060184319,1.008222222
1261,0,-0.000000000,0.000000000
1262,0,1.000000000,1.000000000
1263,0,-0.000000000,0.000000000
1264,0,1.000000000,1.000000000
1265,0,0.302292189,0.080000000
1266,0,1.012773762,1.001377513
1267,0,1.873460820,1.202352203
1268,0,1.139104175,1.022363362
1269,0,-0.000000000,0.000000000
1270,0,1.000000000,1.000000000
1271,0,1.021928095,0.400000000
1272,0,1.228118215,1.041111111
1273,0,0.334665510,0.090549664
1274,0,1.285599185,1.054819201
1275,0,1.944764022,2.002627761
1276,0,1.000000000,1.000000000
1277,0,1.870950594,1.200000000
1278,0,1.532052555,1.123333333
1279,0,0.401554049,0.113415966
1280,0,1.000000000,1.000000000
1281,0,0.302292189,0.080000000
1282,0,1.012773762,1.001377513
1283,0,0.303367094,0.080344681
1284,0,1.012827240,1.001384331
1285,0,0.303372157,0.080346297
1286,0,1.060427563,1.008262910
1287,0,-0.000000000,0.000000000
1288,0,1.000000000,1.000000000
1289,0,1.021928095,0.400000000
1290,0,1.052690404,1.007034221
1291,0,-0.000000000,0.000000000
1292,0,1.000000000,1.000000000
1293,0,1.021928095,0.400000000
1294,0,1.228118215,1.041111111
1295,0,1.929031819,1.266885862
1296,0,1.563681373,1.134185017
1297,0,2.012803753,2.005906352
1298,0,2.404560418,1.592821025
1299,0,-0.000000000,0.000000000
1300,0,1.000000000,1.000000000
1301,0,1.021928095,0.400000000
1302,0,1.000000000,1.000000000
1303,0,-0.000000000,0.000000000
1304,0,1.000000000,1.000000000
1305,0,0.302292189,0.080000000
1306,0,1.000000000,1.000000000
1307,0,1.870950594,2.000000000
1308,0,1.000000000,1.000000000
1309,0,1.021928095,0.400000000
1310,0,1.000000000,1.000000000
1311,0,1.021928095,2.000000000
1312,0,1.000000000,1.000000000
1313,0,1.021928095,0.400000000
1314,0,1.784319623,1.213461538
1315,0,-0.000000000,0.000000000
1316,0,1.000000000,1.000000000
1317,0,-0.000000000,0.000000000
1318,0,1.000000000,1.000000000
1319,0,-0.000000000,0.000000000
1320,0,1.000000000,1.000000000
1321,0,1.870950594,2.000000000
1322,0,1.138751800,3.000000000
1323,0,1.064163411,2.000000000
1324,0,1.239942264,1.043913668
1325,0,-0.000000000,0.000000000
1326,0,1.000000000,1.000000000
1327,0,0.302292189,0.080000000
1328,0,1.012773762,1.001377513
1329,0,0.303367094,0.080344681
1330,0,1.060426407,1.008262715
1331,0,0.308747931,0.082075909
1332,0,1.013095400,1.001418585
1333,0,1.876018548,1.202931330
1334,0,1.313549704,1.130521372
1335,0,0.413364660,0.126043074
1336,0,1.405904289,1.086266716
1337,0,0.423652706,0.140473878
1338,0,1.141543725,1.043128768
1339,0,1.102033009,0.455421131
1340,0,1.065288741,1.011923045
1341,0,0.313399066,0.085235384
1342,0,1.002385589,1.001285844
1343,0,1.509299263,2.005556250
1344,0,1.774402104,1.949880152
1345,0,2.067172132,2.021311538
1346,0,1.000000000,0.999996629
1347,0,-0.000000000,0.000000000
1348,0,1.000000000,1.000000000
1349,0,1.021928095,0.400000000
1350,0,1.052690404,1.007034221
1351,0,-0.000000000,0.000000000
1352,0,1.000000000,1.000000000
1353,0,-0.000000000,0.000000000
1354,0,1.000000000,1.000000000
1355,0,0.302292189,0.080000000
1356,0,1.012773762,1.001377513
1357,0,0.303367094,0.080344681
1358,0,1.012827240,1.001384331
1359,0,1.024583561,0.401441863
1360,0,1.052876414,1.007064684
1361,0,1.035433671,0.407362699
1362,0,1.053639273,1.007189845
1363,0,1.035660070,1.797662643
1364,0,1.053655450,1.007192528
1365,0,0.307904868,0.081803836
1366,0,1.013053410,1.001413220
1367,0,-0.000000000,0.000000000
1368,0,1.000000000,1.000000000
1369,0,-0.000000000,0.000000000
1370,0,1.000000000,1.000000000
1371,0,-0.000000000,0.000000000
1372,0,1.000000000,1.000000000
1373,0,0.302292189,0.080000000
1374,0,1.060184319,1.008222222
1375,0,0.308717777,0.082066230
1376,0,1.000000000,1.000000000
1377,0,1.021928095,0.400000000
1378,0,1.000000000,1.000000000
1379,0,-0.000000000,0.000000000
1380,0,1.000000000,1.000000000
1381,0,1.021928095,0.400000000
1382,0,1.052690404,1.007034221
1383,0,-0.000000000,0.000000000
1384,0,1.000000000,1.000000000
1385,0,1.021928095,0.400000000
1386,0,1.000000000,1.000000000
1387,0,0.302292189,0.080000000
1388,0,1.000000000,1.000000000
1389,0,0.302292189,0.080000000
1390,0,1.012773762,1.001377513
1391,0,-0.000000000,0.000000000
1392,0,1.000000000,1.000000000
1393,0,-0.000000000,0.000000000
1394,0,1.000000000,1.000000000
1395,0,-0.000000000,0.000000000
1396,0,1.000000000,1.000000000
1397,0,0.302292189,0.080000000
1398,0,1.012773762,1.001377513
1399,0,1.024571058,0.401435139
1400,0,1.228852925,1.041283932
1401,0,0.338603875,0.091841159
1402,0,1.065397718,1.024086737
1403,0,1.900003408,1.229618255
1404,0,1.710044565,1.260300360
1405,0,0.377810724,0.291943722
1406,0,1.289845712,1.302772830
1407,0,2.197886944,1.466058783
1408,0,1.792743914,1.338339287
1409,0,-0.000000000,0.000000000
1410,0,1.000000000,1.000000000
1411,0,0.302292189,0.080000000
1412,0,1.060184319,1.008222222
1413,0,0.309673025,0.082309867
1414,0,1.062578832,1.008682579
1415,0,0.309060871,0.082176174
1416,0,1.061814131,1.008524718
1417,0,0.308904755,0.082126246
1418,0,1.061675306,1.008472040
1419,0,1.038093403,0.408819156
1420,0,1.053827285,1.007220753
1421,0,0.307925735,0.081810523
1422,0,1.000000000,1.000000001
1423,0,-0.000000000,0.000000000
1424,0,1.000000000,1.000000000
1425,0,0.302292189,0.080000000
1426,0,1.060184319,1.008222222
1427,0,-0.000000000,0.000000000
1428,0,1.000000000,1.000000000
1429,0,-0.000000000,0.000000000
1430,0,1.000000000,1.000000000
1431,0,1.021928095,1.800000000
1432,0,1.052690404,1.007034221
1433,0,1.882728310,1.399013736
1434,0,1.537763402,1.125268007
1435,0,1.245417564,0.532009352
1436,0,1.000000000,1.000000000
1437,0,-0.000000000,0.000000000
1438,0,1.000000000,1.000000000
1439,0,1.021928095,0.400000000
1440,0,1.000000000,1.000000000
1441,0,1.021928095,2.000000000
1442,0,1.228118215,1.041111111
1443,0,1.098973413,0.443011606
1444,0,1.000000000,1.000000000
1445,0,1.021928095,0.400000000
1446,0,1.052690404,1.007034221
1447,0,0.307787926,0.081766365
1448,0,1.000000000,1.000000000
1449,0,0.302292189,0.080000000
1450,0,1.000000000,1.000000000
1451,0,0.302292189,0.080000000
1452,0,1.000000000,1.000000000
1453,0,1.021928095,0.400000000
1454,0,1.228118215,1.041111111
1455,0,1.098973413,0.443011606
1456,0,1.000000000,1.000000000
1457,0,0.302292189,0.080000000
1458,0,1.012773762,1.001377513
1459,0,0.303367094,0.080344681
1460,0,1.000000000,1.000000000
1461,0,1.870950594,1.200000000
1462,0,2.305215896,1.504545455
1463,0,-0.000000000,0.000000000
1464,0,1.000000000,1.000000000
1465,0,-0.000000000,0.000000000
1466,0,1.000000000,1.000000000
1467,0,1.021928095,0.400000000
1468,0,1.000000000,1.000000000
1469,0,-0.000000000,0.000000000
1470,0,1.000000000,1.000000000
1471,0,1.021928095,0.400000000
1472,0,1.228118215,1.041111111
1473,0,-0.000000000,0.000000000
1474,0,1.000000000,1.000000000
1475,0,-0.000000000,0.000000000
1476,0,1.000000000,1.000000000
1477,0,1.500000000,2.000000000
1478,0,1.905928216,1.642857143
1479,0,1.776700037,2.025299401
1480,0,1.267173044,1.052444555
1481,0,0.003869891,0.001762273
1482,0,1.003846960,1.001409818
1483,0,0.303216474,0.080389244
1484,0,1.000000000,1.000000000
1485,0,0.302292189,0.080000000
1486,0,1.012773762,1.001377513
1487,0,1.873460820,1.399805497
1488,0,1.533239146,1.123726125
1489,0,0.401851038,0.113518622
1490,0,1.000000000,1.000000386
1491,0,1.870950594,1.200000000
1492,0,1.138751800,1.022289054
1493,0,1.064163411,1.792711073
1494,0,1.000000000,1.000000010
1495,0,-0.000000000,0.000000000
1496,0,1.000000000,1.000000000
1497,0,-0.000000000,0.000000000
1498,0,1.000000000,1.000000000
1499,0,-0.000000000,0.000000000
1500,0,1.000000000,1.000000000
1501,0,1.021928095,0.400000000
1502,0,1.228118215,1.041111111
1503,0,-0.000000000,0.000000000
1504,0,1.000000000,1.000000000
1505,0,1.021928095,0.400000000
1506,0,1.052690404,1.007034221
1507,0,1.540702475,1.012017043
1508,0,1.777004393,1.210740680
1509,0,0.475854397,0.140421164
1510,0,1.100507472,1.015474168
1511,0,0.313997969,0.083765718
1512,0,1.000000000,0.999999155
1513,0,1.870950594,1.400000000
1514,0,1.532052555,1.123333561
1515,0,0.401554049,2.000000022
1516,0,1.082832521,1.012147949
1517,0,0.311643502,0.083006785
1518,0,1.062301823,1.008578382
1519,0,-0.000000000,0.000000000
1520,0,1.000000000,1.000000000
1521,0,1.870950594,1.200000000
1522,0,1.532052555,1.123333333
1523,0,-0.000000000,0.000000000
1524,0,1.000000000,1.000000000
1525,0,1.021928095,0.400000000
1526,0,1.052690404,1.007034221
1527,0,-0.000000000,0.000000000
1528,0,1.000000000,1.000000000
1529,0,-0.000000000,0.000000000
1530,0,1.000000000,1.000000000
1531,0,0.302292189,0.080000000
1532,0,1.000000000,1.000000000
1533,0,1.870950594,1.400000000
1534,0,1.532052555,1.966666667
1535,0,1.242499492,2.000000000
1536,0,1.069156653,1.009810351
1537,0,-0.000000000,0.000000000
1538,0,1.000000000,1.000000000
1539,0,0.841852190,1.459459459
1540,0,1.678866725,2.297297297
1541,0,1.615694779,2.982668026
1542,0,1.249503159,3.895310031
1543,0,1.594158157,5.139379513
1544,0,0.300685727,1.907534512
1545,0,1.709331731,2.554506140
1546,0,0.129820594,0.036006050
1547,0,0.079975931,0.019753793
1548,0,0.049056507,0.010962299
1549,0,1.008725770,1.000203833
1550,0,0.871767527,0.533897530
1551,0,1.233682982,1.013124414
1552,0,1.603262767,1.628230039
1553,0,1.332725623,1.119973961
1554,0,1.661659650,0.938589027
1555,0,1.155633774,0.789466007
1556,0,1.565451575,0.784251686
1557,0,0.943866799,0.554074720
1558,0,-0.000000000,0.000000000
1559,0,-0.000000000,0.000000000
1560,0,0.921928095,0.400000000
1561,0,0.175964403,0.044444444
1562,0,0.309486490,0.087726358
1563,0,0.257265847,0.073142112
1564,0,1.038732649,0.447613230
1565,0,-0.000000000,0.000000000
1566,0,1.000000000,1.000000000
1567,0,0.614369446,0.222222222
1568,0,1.230222672,0.560000000
1569,0,0.090267264,0.022965116
1570,0,0.964241509,1.797693120
1571,0,-0.000000000,0.000000000
1572,0,1.000000000,1.000000000
1573,0,0.614369446,0.222222222
1574,0,1.230222672,0.560000000
1575,0,0.381435368,0.131666667
1576,0,0.349798625,0.098597443
1577,0,0.091124435,0.023296167
1578,0,-0.000000000,0.000000000
1579,0,-0.000000000,0.000000000
1580,0,0.921928095,0.400000000
1581,0,-0.000000000,0.000000000
1582,0,-0.000000000,0.000000000
1583,0,-0.000000000,0.000000000
1584,0,0.921928095,0.400000000
1585,0,0.175964403,0.044444444
1586,0,0.997329770,0.431683168
1587,0,0.050702199,0.010535211
1588,0,-0.000000000,0.000000000
1589,0,-0.000000000,0.000000000
1590,0,0.282292189,0.080000000
1591,0,0.045570069,0.008888889
1592,0,1.154722256,1.031160115
1593,0,0.187851057,0.048386134
1594,0,1.002860697,1.794000948
1595,0,0.051979962,0.010919691
1596,0,0.289225203,0.081688378
1597,0,-0.000000000,0.000000000
1598,0,-0.000000000,0.000000000
1599,0,-0.000000000,0.000000000
1600,0,-0.000000000,0.000000000
1601,0,-0.000000000,0.000000000
1602,0,0.921928095,0.400000000
1603,0,-0.000000000,0.000000000
1604,0,0.282292189,0.080000000
1605,0,0.045570069,0.008888889
1606,0,0.939392434,0.406324111
1607,0,0.042004739,0.008141097
1608,0,-0.000000000,0.000000000
1609,0,-0.000000000,0.000000000
1610,0,0.921928095,1.800000000
1611,0,0.039584219,0.007547170
1612,0,-0.000000000,0.000000000
1613,0,-0.000000000,0.000000000
1614,0,0.282292189,0.080000000
1615,0,0.045570069,0.008888889
1616,0,0.939392434,0.406324111
1617,0,0.042004739,0.008141097
1618,0,-0.000000000,0.000000000
1619,0,-0.000000000,0.000000000
1620,0,0.921928095,0.400000000
1621,0,-0.000000000,0.000000000
1622,0,0.921928095,0.400000000
1623,0,0.039584219,0.007547170
1624,0,0.287297754,0.081292059
1625,0,0.010052757,0.001589476
1626,0,-0.000000000,0.000000000
1627,0,-0.000000000,0.000000000
1628,0,0.921928095,0.400000000
1629,0,0.039584219,0.007547170
1630,0,0.936957107,0.405369128
1631,0,0.185279412,0.047371365
1632,0,-0.000000000,0.000000000
1633,0,-0.000000000,0.000000000
1634,0,-0.000000000,0.000000000
1635,0,-0.000000000,0.000000000
1636,0,0.282292189,0.080000000
1637,0,0.200458409,0.052173913
1638,0,1.008985203,1.793023256
1639,0,0.231766653,0.064728682
1640,0,0.319370553,0.090203210
1641,0,-0.000000000,0.000000000
1642,0,1.570950594,1.400000000
1643,0,-0.000000000,0.000000000
1644,0,-0.000000000,0.000000000
1645,0,-0.000000000,0.000000000
1646,0,-0.000000000,0.000000000
1647,0,-0.000000000,0.000000000
1648,0,0.921928095,1.800000000
1649,0,-0.000000000,0.000000000
1650,0,0.921928095,0.400000000
1651,0,0.039584219,0.007547170
1652,0,0.936957107,0.405369128
1653,0,0.041656256,0.008051331
1654,0,0.287592453,0.081351722
1655,0,-0.000000000,0.000000000
1656,0,0.921928095,0.400000000
1657,0,-0.000000000,0.000000000
1658,0,0.282292189,0.080000000
1659,0,-0.000000000,0.000000000
1660,0,-0.000000000,0.000000000
1661,0,-0.000000000,0.000000000
1662,0,0.282292189,0.080000000
1663,0,0.009543159,0.001486989
1664,0,-0.000000000,0.000000000
1665,0,-0.000000000,0.000000000
1666,0,-0.000000000,0.000000000
1667,0,-0.000000000,0.000000000
1668,0,0.282292189,0.080000000
1669,0,0.009543159,0.001486989
1670,0,0.925278881,0.401057502
1671,0,0.040025393,0.007646399
1672,0,0.937156891,0.405417787
1673,0,-0.000000000,0.000000000
1674,0,-0.000000000,0.000000000
1675,0,-0.000000000,0.000000000
1676,0,0.921928095,0.400000000
1677,0,-0.000000000,0.000000000
1678,0,0.921928095,0.400000000
1679,0,0.175964403,0.044444444
1680,0,-0.000000000,0.000000000
1681,0,-0.000000000,0.000000000
1682,0,-0.000000000,0.000000000
1683,0,-0.000000000,0.000000000
1684,0,1.000000000,1.000000000
1685,0,-0.000000000,0.000000000
1686,0,1.570950594,1.200000000
1687,0,0.104041954,0.023529412
1688,0,1.635079264,1.403779628
1689,0,0.119219223,0.028195474
1690,0,1.650085884,1.410617297
1691,0,-0.000000000,0.000000000
1692,0,0.282292189,0.080000000
1693,0,-0.000000000,0.000000000
1694,0,0.921928095,1.800000000
1695,0,0.039584219,0.007547170
1696,0,0.287297754,0.081292059
1697,0,-0.000000000,0.000000000
1698,0,0.282292189,0.080000000
1699,0,0.009543159,0.001486989
1700,0,1.577225042,1.400243389
1701,0,1.195196881,2.006228431
1702,0,1.965431583,1.472035634
1703,0,1.089285555,0.573303043
1704,0,2.081122056,1.562599454
1705,0,-0.000000000,0.000000000
1706,0,0.282292189,0.080000000
1707,0,-0.000000000,0.000000000
1708,0,-0.000000000,0.000000000
1709,0,-0.000000000,0.000000000
1710,0,0.921928095,0.400000000
1711,0,-0.000000000,0.000000000
1712,0,0.921928095,0.400000000
1713,0,0.649360865,0.240000000
1714,0,-0.000000000,0.000000000
1715,0,-0.000000000,0.000000000
1716,0,0.282292189,0.080000000
1717,0,0.009543159,0.001486989
1718,0,1.577225042,1.201699600
1719,0,-0.000000000,0.000000000
1720,0,0.282292189,0.080000000
1721,0,-0.000000000,0.000000000
1722,0,0.282292189,0.080000000
1723,0,0.045570069,0.008888889
1724,0,0.288142907,0.081522601
1725,0,0.048449749,0.009608776
1726,0,1.071411213,1.015443710
1727,0,1.506582204,1.985020332
1728,0,1.655528742,2.499241777
1729,0,1.786286563,2.227656998
1730,0,1.777387167,1.706619016
1731,0,0.773176802,0.428264973
1732,0,0.122350623,0.133148090
1733,0,0.109612293,0.137927721
1734,0,0.282292189,0.080000000
1735,0,0.045570069,0.008888889
1736,0,1.599986441,1.401445724
1737,0,0.110204994,0.025305598
1738,0,1.640950424,1.406386664
1739,0,-0.000000000,0.000000000
1740,0,0.282292189,0.080000000
1741,0,-0.000000000,0.000000000
1742,0,-0.000000000,0.000000000
1743,0,-0.000000000,0.000000000
1744,0,0.282292189,0.080000000
1745,0,-0.000000000,0.000000000
1746,0,1.570950594,1.400000000
1747,0,0.104041954,0.023529412
1748,0,1.635079264,1.226393338
1749,0,0.479173131,0.158548913
1750,0,1.832624388,1.454097918
1751,0,-0.000000000,0.000000000
1752,0,0.921928095,0.400000000
1753,0,0.175964403,0.044444444
1754,0,-0.000000000,0.000000000
1755,0,-0.000000000,0.000000000
1756,0,0.921928095,0.400000000
1757,0,0.039584219,0.007547170
1758,0,0.287297754,0.081292059
1759,0,0.048034308,0.009499776
1760,0,0.290561216,0.082145808
1761,0,0.107549018,0.025498760
1762,0,0.089417878,0.045211606
1763,0,0.079739691,0.037364369
1764,0,0.103842927,0.067450153
1765,0,0.014914980,0.004805686
1766,0,1.074177096,1.010534090
1767,0,0.990182959,1.119293400
1768,0,1.427342376,1.033754166
1769,0,0.886625749,0.375712799
1770,0,0.807857021,0.595783586
1771,0,0.262206983,0.074348472
1772,0,0.394041681,0.105633803
1773,0,0.376052819,0.105358842
1774,0,1.634015328,1.310482725
1775,0,1.349341727,0.688259115
1776,0,0.968405539,0.393357943
1777,0,1.340622327,0.560385482
1778,0,1.486800996,0.747185442
1779,0,0.176173813,0.052716729
1780,0,0.110407623,0.029297569
1781,0,0.347552924,0.095034985
1782,0,0.320461550,0.093416936
1783,0,1.012652694,0.463387365
1784,0,0.822282160,0.293237900
1785,0,1.682843657,1.213820440
1786,0,0.526650382,0.323586180
1787,0,0.859989653,0.446525243
1788,0,0.420910036,0.153435470
1789,0,0.752440280,0.337502892
1790,0,0.526795653,0.209387133
1791,0,1.166834681,1.112239377
1792,0,1.080766613,0.429773767
1793,0,1.274910860,1.135386655
1794,0,1.193789517,0.497126485
1795,0,1.235649084,1.073632986
1796,0,1.223300972,0.516075569
1797,0,1.322563196,1.180085699
1798,0,0.154063503,0.130559438
1799,0,1.150602377,1.142503097
1800,0,0.408347199,0.160182790
1801,0,1.040300117,1.017397166
1802,0,1.044930703,0.412720826
1803,0,1.014709820,1.004939382
1804,0,0.015926007,0.011440120
1805,0,1.054213541,1.061070614
1806,0,0.376393462,0.152659481
1807,0,1.110160388,1.064403653
1808,0,0.306823294,0.081434444
1809,0,1.042847139,1.007450294
1810,0,-0.000000000,0.000000000
1811,0,1.000000000,1.000000000
1812,0,1.021928095,0.400000000
1813,0,1.036488422,1.010048802
1814,0,0.306136756,0.081216458
1815,0,0.999999444,1.000877595
1816,0,1.021928039,0.400000000
1817,0,0.999984620,0.995382475
1818,0,0.302291881,0.080000000
1819,0,1.041969964,1.007482834
1820,0,-0.000000000,0.000000000
1821,0,1.000000000,1.000000000
1822,0,0.302292189,0.080000000
1823,0,0.999999425,1.000892716
1824,0,1.870950422,1.200000000
1825,0,1.094860034,1.031526306
1826,0,0.314279680,0.083810749
1827,0,1.044154605,1.005852543
1828,0,0.308111556,0.081781997
1829,0,1.009279347,1.000292015
1830,0,1.023881901,0.401027965
1831,0,1.036597851,1.010039688
1832,0,1.528827925,1.011754621
1833,0,0.999581435,1.024087298
1834,0,-0.000000000,0.000000000
1835,0,1.000000000,1.000000000
1836,0,0.302292189,2.000000000
1837,0,1.042002482,1.005398693
1838,0,0.306823294,0.081434444
1839,0,0.999999539,0.999200772
1840,0,0.302292180,0.080000000
1841,0,0.999999408,1.000906272
1842,0,0.302292177,0.080000000
1843,0,1.008875577,1.000143813
1844,0,1.023819344,0.400996095
1845,0,1.160381896,1.037087476
1846,0,-0.000000000,0.000000000
1847,0,1.000000000,1.000000000
1848,0,0.302292189,0.080000000
1849,0,1.008877014,1.001980934
1850,0,0.303049604,0.080239223
1851,0,1.008906805,1.001982179
1852,0,0.303052456,1.959940046
1853,0,1.042138939,1.005427781
1854,0,1.881338985,1.209691765
1855,0,0.999884970,0.987372222
1856,0,1.021916592,1.800000000
1857,0,1.574505843,1.181866831
1858,0,-0.000000000,0.000000000
1859,0,1.000000000,1.000000000
1860,0,0.302292189,0.080000000
1861,0,1.066729601,1.013986928
1862,0,0.043260642,0.018877819
1863,0,1.010882284,1.001894936
1864,0,1.012803342,1.491400478
1865,0,0.994886132,1.536563446
1866,0,1.012160363,1.907131786
1867,0,1.170981873,1.815612352
1868,0,1.744465949,1.535115249
1869,0,1.221107159,1.638059449
1870,0,0.898450778,1.795944124
1871,0,0.703803758,1.903789475
1872,0,0.266560126,1.915863793
1873,0,1.066010921,2.152707210
1874,0,1.332483827,2.390601277
1875,0,1.393086657,0.873789021
1876,0,1.059356366,1.281047738
1877,0,0.314737917,0.084458903
1878,0,1.013423114,0.996097425
1879,0,0.303433381,0.080366013
1880,0,1.060441633,1.008384677
1881,0,-0.000000000,0.000000000
1882,0,1.000000000,1.000000000
1883,0,0.302292189,0.080000000
1884,0,1.000000000,1.000000000
1885,0,1.021928095,0.400000000
1886,0,1.228118215,1.041111111
1887,0,0.334665510,1.956367470
1888,0,1.067506413,1.009461600
1889,0,-0.000000000,0.000000000
1890,0,1.000000000,1.000000000
1891,0,-0.000000000,0.000000000
1892,0,1.000000000,1.000000000
1893,0,-0.000000000,0.000000000
1894,0,1.000000000,1.000000000
1895,0,-0.000000000,0.000000000
1896,0,1.000000000,1.000000000
1897,0,1.021928095,0.400000000
1898,0,1.000000000,1.000000000
1899,0,1.870950594,2.000000000
1900,0,1.000000000,1.000000000
1901,0,1.021928095,0.400000000
1902,0,1.000000000,1.000000000
1903,0,1.021928095,0.400000000
1904,0,1.228118215,1.041111111
1905,0,1.098973413,0.443011606
1906,0,1.000000000,1.000000000
1907,0,1.021928095,0.400000000
1908,0,1.784319623,1.213461538
1909,0,1.385153104,0.627492130
1910,0,1.336749569,1.068505888
1911,0,0.355334332,0.097427384
1912,0,1.000000000,1.000000000
1913,0,0.302292189,0.080000000
1914,0,1.012773762,1.001377513
1915,0,1.024571058,2.000000000
1916,0,1.786192236,3.000000000
1917,0,1.386258274,2.000000000
1918,0,1.081226052,1.011939300
1919,0,0.311415489,0.082930933
1920,0,1.062254212,1.008570722
1921,0,1.038270167,0.408914878
1922,0,1.053839955,1.007222890
1923,0,-0.000000000,0.000000000
1924,0,1.000000000,1.000000000
1925,0,-0.000000000,0.000000000
1926,0,1.000000000,1.000000000
1927,0,1.021928095,0.400000000
1928,0,1.784319623,1.213461538
1929,0,1.385153104,0.627492130
1930,0,1.000000000,1.000000000
1931,0,1.021928095,1.800000000
1932,0,1.000000000,1.000000000
1933,0,1.870950594,1.200000000
1934,0,1.138751800,1.022289157
1935,0,-0.000000000,0.000000000
1936,0,1.000000000,1.000000000
1937,0,0.302292189,0.080000000
1938,0,1.060184319,1.008222222
1939,0,-0.000000000,0.000000000
1940,0,1.000000000,1.000000000
1941,0,1.870950594,1.200000000
1942,0,1.532052555,1.123333333
1943,0,0.401554049,0.113415966
1944,0,1.082832521,1.012147939
1945,0,1.755883117,2.035374000
1946,0,1.858602750,1.247780760
1947,0,-0.000000000,0.000000000
1948,0,1.000000000,1.000000000
1949,0,-0.000000000,0.000000000
1950,0,1.000000000,1.000000000
1951,0,0.302292189,0.080000000
1952,0,1.000000000,1.000000000
1953,0,0.302292189,0.080000000
1954,0,1.060184319,1.008222222
1955,0,0.308717777,0.082066230
1956,0,1.013093875,1.001418389
1957,0,1.024646017,0.401475452
1958,0,1.786246117,1.214267046
1959,0,-0.000000000,0.000000000
1960,0,1.000000000,1.000000000
1961,0,1.021928095,0.400000000
1962,0,1.052690404,1.007034221
1963,0,1.882728310,1.211927297
1964,0,1.537800301,1.125281589
1965,0,0.403009779,0.113924760
1966,0,1.017909851,1.002050170
1967,0,1.874620581,2.000105690
1968,0,1.139277104,1.022399885
1969,0,-0.000000000,0.000000000
1970,0,1.000000000,1.000000000
1971,0,1.021928095,0.400000000
1972,0,1.000000000,1.000000000
1973,0,-0.000000000,0.000000000
1974,0,1.000000000,1.000000000
1975,0,-0.000000000,0.000000000
1976,0,1.000000000,1.000000000
1977,0,0.302292189,1.960000000
1978,0,1.060184319,1.008222222
1979,0,1.037639028,0.408572389
1980,0,1.053794829,1.007215404
1981,0,1.035706313,2.000000000
1982,0,1.000000000,1.000000000
1983,0,-0.000000000,0.000000000
1984,0,1.000000000,1.000000000
1985,0,0.302292189,0.080000000
1986,0,1.012773762,1.001377513
1987,0,1.024571058,0.401435139
1988,0,1.052875527,1.007064537
1989,0,0.307810326,0.081773543
1990,0,1.013048622,1.001412602
1991,0,-0.000000000,0.000000000
1992,0,1.000000000,1.000000000
1993,0,1.870950594,1.200000000
1994,0,1.138751800,1.022289157
1995,0,1.064163411,0.423273040
1996,0,1.239942264,1.043913668
1997,0,1.103828264,1.785793336
1998,0,1.000000000,1.000000000
1999,0,-0.000000000,0.000000000
2000,0,1.000000000,1.000000000
2001,0,0.302292189,0.080000000
2002,0,1.000000000,1.000000000
2003,0,-0.000000000,0.000000000
2004,0,1.000000000,1.000000000
2005,0,1.021928095,0.400000000
2006,0,1.228118215,1.041111111
2007,0,1.098973413,0.443011606
2008,0,1.000000000,1.000000000
2009,0,1.870950594,1.400000000
2010,0,1.532052555,1.123333333
2011,0,0.401554049,0.113415966
2012,0,1.017831718,1.002040046
2013,0,1.513915678,2.001051245
2014,0,1.000000000,1.000000000
2015,0,1.021928095,0.400000000
2016,0,1.000000000,1.000000000
2017,0,1.021928095,0.400000000
2018,0,1.000000000,1.000000000
2019,0,1.021928095,1.800000000
2020,0,1.228118215,1.041111111
2021,0,0.334665510,0.090549664
2022,0,1.014397000,1.001586340
2023,0,-0.000000000,0.000000000
2024,0,1.000000000,1.000000000
2025,0,-0.000000000,0.000000000
2026,0,1.000000000,1.000000000
2027,0,1.500000000,1.000000000
2028,0,1.220308818,1.039361702
2029,0,-0.000000000,0.000000000
2030,0,1.000000000,1.000000000
2031,0,-0.000000000,0.000000000
2032,0,1.000000000,1.000000000
2033,0,-0.000000000,0.000000000
2034,0,1.000000000,1.000000000
2035,0,-0.000000000,0.000000000
2036,0,1.000000000,1.000000000
2037,0,-0.000000000,0.000000000
2038,0,1.000000000,1.000000000
2039,0,1.021928095,0.400000000
2040,0,1.000000000,1.000000000
2041,0,1.021928095,0.400000000
2042,0,1.228118215,1.041111111
2043,0,1.098973413,0.443011606
2044,0,1.000000000,1.000000000
2045,0,0.302292189,0.080000000
2046,0,1.012773762,1.001377513
2047,0,-0.000000000,0.000000000
2048,0,1.000000000,1.000000000
2049,0,1.870950594,2.000000000
2050,0,1.138751800,1.022289157
2051,0,1.064163411,1.792711073
2052,0,1.000000000,1.000000000
2053,0,-0.000000000,0.000000000
2054,0,1.000000000,1.000000000
2055,0,-0.000000000,0.000000000
2056,0,1.000000000,1.000000000
2057,0,1.870950594,2.000000000
2058,0,1.532052555,3.000000000
2059,0,1.242499492,2.000000000
2060,0,1.069156653,1.009810351
2061,0,0.309840242,0.082424675
2062,0,1.000000000,1.000000000
2063,0,1.021928095,0.400000000
2064,0,1.052690404,1.007034221
2065,0,1.882728310,1.211927297
2066,0,1.537800301,1.125276771
2067,0,1.851354846,1.159061000
2068,0,1.900034811,1.267960045
2069,0,2.073377681,1.390742433
2070,0,0.999999504,1.000829250
2071,0,1.021928045,0.400000000
2072,0,1.228118204,1.041185744
2073,0,1.929031813,1.266885862
2074,0,1.148811824,1.024380194
2075,0,1.907911495,1.397172738
2076,0,1.144843846,1.023604608
2077,0,0.320685522,0.085948283
2078,0,1.013694121,1.001494775
2079,0,1.510550319,1.002618489
2080,0,1.221305007,1.039600312
2081,0,0.000155703,0.000051094
2082,0,1.000155038,1.000040876
2083,0,0.000126756,0.000054501
2084,0,1.000097709,1.000049051
2085,0,0.000564287,0.000339258
2086,0,1.000222671,1.000100688
2087,0,0.302356654,0.080029786
2088,0,1.012812960,1.001394688
2089,0,1.024603998,1.799563731
2090,0,1.000028683,1.000015244
2091,0,1.021933405,0.400002420
2092,0,1.228123586,1.041113244
2093,0,1.115361359,2.006141778
2094,0,1.795410064,1.923473076
2095,0,2.022269325,1.887318345
2096,0,1.784987775,1.346073419
2097,0,1.637300609,1.838684952
2098,0,1.222132252,1.854422017
2099,0,1.927752683,2.608627559
2100,0,0.220018770,0.069975031
2101,0,0.420033878,0.118206814
2102,0,0.093575261,0.024149919
2103,0,0.057461484,0.013245735
2104,0,0.315836587,0.086777889
2105,0,0.339196515,0.097235055
2106,0,0.325102543,0.095647717
2107,0,0.999686546,1.020849559
2108,0,1.021896876,0.400000077
2109,0,0.999994680,0.997257179
2110,0,0.000000121,0.000000071
2111,0,1.000000045,1.000000023
2112,0,0.000000041,0.000000023
2113,0,1.000000029,1.000000015
2114,0,0.302292192,1.960000001
2115,0,1.042002482,1.007398693
2116,0,0.306823294,0.081434444
2117,0,1.009062471,1.001911807
2118,0,-0.000000000,0.000000000
2119,0,1.000000000,1.000000000
2120,0,-0.000000000,0.000000000
2121,0,1.000000000,1.000000000
2122,0,-0.000000000,0.000000000
2123,0,1.000000000,1.000000000
2124,0,-0.000000000,0.000000000
2125,0,1.000000000,1.000000000
2126,0,0.302292189,0.080000000
2127,0,0.999999425,1.000892716
2128,0,0.302292178,0.080000000
2129,0,1.008875599,1.001996263
2130,0,0.303049484,0.080239182
2131,0,1.008906772,1.001982496
2132,0,1.506858992,1.002345019
2133,0,1.545266874,1.185453110
2134,0,2.022957460,1.916714329
2135,0,1.470086557,1.109201071
2136,0,-0.000000000,0.000000000
2137,0,1.000000000,1.000000000
2138,0,1.021928095,0.400000000
2139,0,0.999985120,1.004541811
2140,0,0.302291891,0.080000000
2141,0,0.999999322,1.000969749
2142,0,-0.000000000,0.000000000
2143,0,1.000000000,1.000000000
2144,0,0.302292189,0.080000000
2145,0,1.042002482,1.007398693
2146,0,1.033196137,1.798809145
2147,0,1.162612820,1.037140476
2148,0,1.626845166,1.065837900
2149,0,1.589805394,1.188748237
2150,0,-0.000000000,0.000000000
2151,0,1.000000000,1.000000000
2152,0,0.302292189,0.080000000
2153,0,1.182011943,1.039109291
2154,0,0.329017551,0.088574631
2155,0,1.047030739,1.007626172
2156,0,-0.000000000,0.000000000
2157,0,1.000000000,1.000000000
2158,0,0.302292189,0.080000000
2159,0,0.999999425,0.999107284
2160,0,1.499999713,1.000000000
2161,0,1.148446515,1.003940262
2162,0,0.323095264,0.086646344
2163,0,1.009698767,1.000354039
2164,0,-0.000000000,0.000000000
2165,0,1.000000000,1.000000000
2166,0,-0.000000000,0.000000000
2167,0,1.000000000,1.000000000
2168,0,0.302292189,0.080000000
2169,0,1.182011943,1.039109291
2170,0,0.329017551,0.088574631
2171,0,1.009984170,1.001491203
2172,0,1.533765246,2.001421474
2173,0,1.558058053,1.189376989
2174,0,1.287741641,0.556392841
2175,0,1.229058932,1.042335512
2176,0,2.088289861,2.039522618
2177,0,1.256975159,1.049123406
2178,0,1.118710901,1.791081962
2179,0,1.042663513,1.002428594
2180,0,-0.000000000,0.000000000
2181,0,1.000000000,1.000000000
2182,0,1.870950594,1.400000000
2183,0,1.094879386,1.031284530
2184,0,1.051507921,0.415755879
2185,0,0.999986844,0.995729443
2186,0,1.499993422,1.995729443
2187,0,0.999477694,0.973093065
2188,0,1.021875864,0.400000000
2189,0,1.036300208,1.012391456
2190,0,0.306118086,0.081210148
2191,0,1.009023334,1.002035765
2192,0,1.872863729,1.999806779
2193,0,1.376556288,1.111181902
2194,0,1.182092498,0.490334153
2195,0,1.046225769,1.010165522
2196,0,0.307343759,0.081598029
2197,0,1.042984432,1.005790600
2198,0,1.033499445,1.798780769
2199,0,1.037165848,1.009625747
2200,0,1.880005985,1.998512890
2201,0,1.096088683,1.030991327
2202,0,0.316923883,0.084618734
2203,0,1.049980703,1.013173791
2204,0,0.352541725,0.102634008
2205,0,1.037571767,1.023651370
2206,0,0.000099069,0.000041726
2207,0,1.000022230,1.000006258
2208,0,1.870970783,2.000003801
2209,0,1.375810562,1.080985998
2210,0,1.980511210,1.331733931
2211,0,1.437302145,1.109949271
2212,0,0.386546012,0.107927914
2213,0,1.058329116,1.007559656
2214,0,1.682202936,1.056729116
2215,0,0.999769327,0.982118053
2216,0,1.870881392,1.989270832
2217,0,1.094474453,0.997598130
2218,0,-0.000000000,0.000000000
2219,0,1.000000000,1.000000000
2220,0,1.021928095,2.000000000
2221,0,0.999985120,1.004541811
2222,0,0.302291891,0.080000000
2223,0,1.008869806,1.002058921
2224,0,1.023818206,0.400995410
2225,0,1.036592619,1.000838092
2226,0,1.031528881,0.405072266
2227,0,1.037022193,1.010055950
2228,0,1.031659367,0.405140358
2229,0,1.037030644,1.010043944
2230,0,0.306202647,0.081237184
2231,0,1.009031320,1.001984323
2232,0,-0.000000000,0.000000000
2233,0,1.000000000,1.000000000
2234,0,0.302292189,0.080000000
2235,0,1.042002482,1.005398693
2236,0,1.033196137,0.405959040
2237,0,1.037145118,1.001422858
2238,0,1.031694672,0.405159440
2239,0,0.999986056,0.995603300
2240,0,1.021926700,1.999120660
2241,0,1.491641015,3.422743419
2242,0,1.701086170,2.440430348
2243,0,0.980291366,1.164916116
2244,0,1.019957231,0.400000000
2245,0,1.163712002,1.021967774
2246,0,0.325656523,0.087506460
2247,0,1.009881647,1.001068535
2248,0,1.533474600,1.007423283
2249,0,1.151680592,1.054082898
2250,0,1.914046380,1.405979923
2251,0,0.999900630,0.988263160
2252,0,1.870920783,1.400000000
2253,0,0.999780976,0.982575421
2254,0,-0.000000000,0.000000000
2255,0,1.000000000,1.000000000
2256,0,-0.000000000,0.000000000
2257,0,1.000000000,1.000000000
2258,0,1.021928095,0.400000000
2259,0,0.999985120,1.004541811
2260,0,-0.000000000,0.000000000
2261,0,1.000000000,1.000000000
2262,0,-0.000000000,0.000000000
2263,0,1.000000000,1.000000000
2264,0,1.500000000,1.000000000
2265,0,1.491226097,1.503048780
2266,0,2.139036670,1.751490515
2267,0,2.352975344,1.889208048
2268,0,1.243279402,0.543919457
2269,0,0.996943641,1.065069346
2270,0,1.021622459,0.400000000
2271,0,1.036902266,1.006565474
2272,0,1.031597041,0.405119047
2273,0,1.037070506,1.001600754
2274,0,1.031670859,0.405147399
2275,0,1.162178458,1.027755770
2276,0,0.325413014,0.087400380
2277,0,0.999999882,0.999595102
2278,0,1.021928083,1.800000000
2279,0,0.999984890,0.995423257
2280,0,0.302291887,0.080000000
2281,0,1.041970251,1.005308175
2282,0,1.533073885,2.010737222
2283,0,1.151916384,1.008218877
2284,0,0.323657998,0.086827245
2285,0,1.045881978,1.006311496
2286,0,1.034415288,0.406598468
2287,0,1.162916404,1.028381971
2288,0,1.078559428,0.430534274
2289,0,1.039839997,1.004061381
2290,0,0.306544490,0.081345202
2291,0,0.999999519,0.999183103
2292,0,1.021928047,1.800000000
2293,0,0.999984655,0.995387712
2294,0,0.302291882,0.080000000
2295,0,0.999999320,0.999029056
2296,0,1.021928027,0.400000000
2297,0,1.159931452,1.037081928
2298,0,1.916239396,1.981296322
2299,0,1.101632735,1.024855394
2300,0,0.315275078,0.084128146
2301,0,1.009406986,1.000467092
2302,0,1.507276267,1.002510350
2303,0,0.999564349,0.975426029
2304,0,1.021884530,0.400000000
2305,0,1.036316922,1.012188356
2306,0,0.306119713,0.081210695
2307,0,0.999999388,0.999078588
2308,0,-0.000000000,0.000000000
2309,0,1.000000000,1.000000000
2310,0,1.870950594,1.200000000
2311,0,1.375791478,1.080980392
2312,0,1.181696492,0.490099053
2313,0,0.999994107,1.002858288
2314,0,0.302292071,0.080000000
2315,0,1.008881539,1.000209440
2316,0,0.303049987,0.080239352
2317,0,1.042138834,1.005428724
2318,0,-0.000000000,0.000000000
2319,0,1.000000000,1.000000000
2320,0,1.021928095,1.800000000
2321,0,1.036488422,1.010048802
2322,0,-0.000000000,0.000000000
2323,0,1.000000000,1.000000000
2324,0,0.302292189,0.080000000
2325,0,0.999999425,1.000892716
2326,0,0.302292178,0.080000000
2327,0,1.008875599,1.000144049
2328,0,0.303049484,0.080239182
2329,0,0.999999429,0.999109944
2330,0,-0.000000000,0.000000000
2331,0,1.000000000,1.000000000
2332,0,-0.000000000,0.000000000
2333,0,1.000000000,1.000000000
2334,0,-0.000000000,0.000000000
2335,0,1.000000000,1.000000000
2336,0,1.021928095,0.400000000
2337,0,1.159955911,1.036993464
2338,0,0.325026163,0.087275700
2339,0,0.999999874,1.000418336
2340,0,1.021928082,0.400000000
2341,0,1.036485572,1.000772676
2342,0,-0.000000000,0.000000000
2343,0,1.000000000,1.000000000
2344,0,1.021928095,2.000000000
2345,0,1.575319280,1.166351830
2346,0,-0.000000000,0.000000000
2347,0,1.000000000,1.000000000
2348,0,1.500000000,1.000000000
2349,0,1.148484269,1.054186603
2350,0,1.913018267,1.243083179
2351,0,1.395475339,1.090449755
2352,0,-0.000000000,0.000000000
2353,0,1.000000000,1.000000000
2354,0,1.021928095,0.400000000
2355,0,0.999985120,0.995458189
2356,0,1.021926607,1.800000000
2357,0,1.159841262,1.026544329
2358,0,1.916227033,1.406253652
2359,0,0.999968589,0.993401140
2360,0,1.021924954,1.800000000
2361,0,1.159789138,1.037594694
2362,0,1.916219820,1.981941514
2363,0,2.049206272,1.471566566
2364,0,-0.000000000,0.000000000
2365,0,1.000000000,1.000000000
2366,0,0.302292189,0.080000000
2367,0,1.008877014,1.000159612
2368,0,-0.000000000,0.000000000
2369,0,1.000000000,1.000000000
2370,0,-0.000000000,0.000000000
2371,0,1.000000000,1.000000000
2372,0,0.302292189,0.080000000
2373,0,0.999999425,0.999107284
2374,0,1.499999713,1.000000000
2375,0,1.148446515,1.054604953
2376,0,-0.000000000,0.000000000
2377,0,1.000000000,1.000000000
2378,0,1.870950594,2.000000000
2379,0,0.999853521,1.014249790
2380,0,-0.000000000,0.000000000
2381,0,1.000000000,1.000000000
2382,0,0.302292189,0.080000000
2383,0,0.999999425,0.999107284
2384,0,1.021928037,0.400000000
2385,0,0.999984611,1.004618829
2386,0,1.021926556,0.400000000
2387,0,1.036456824,1.010450975
2388,0,-0.000000000,0.000000000
2389,0,1.000000000,1.000000000
2390,0,1.870950594,1.400000000
2391,0,1.375791478,1.080980392
2392,0,-0.000000000,0.000000000
2393,0,1.000000000,1.000000000
2394,0,1.021928095,0.400000000
2395,0,0.999985120,0.995458189
2396,0,-0.000000000,0.000000000
2397,0,1.000000000,1.000000000
2398,0,1.870950594,2.000000000
2399,0,0.999853521,0.985750210
2400,0,-0.000000000,0.000000000
2401,0,1.000000000,1.000000000
2402,0,-0.000000000,0.000000000
2403,0,1.000000000,1.000000000
2404,0,1.021928095,0.400000000
2405,0,1.159955911,1.036993464
2406,0,-0.000000000,0.000000000
2407,0,1.000000000,1.000000000
2408,0,0.302292189,0.080000000
2409,0,1.042002482,1.007398693
2410,0,1.881299887,1.209655755
2411,0,1.380494625,1.084411518
2412,0,1.184090341,0.491548303
2413,0,0.999992287,0.996730011
2414,0,-0.000000000,0.000000000
2415,0,1.000000000,1.000000000
2416,0,-0.000000000,0.000000000
2417,0,1.000000000,1.000000000
2418,0,0.302292189,0.080000000
2419,0,0.999999425,1.000892716
2420,0,-0.000000000,0.000000000
2421,0,1.000000000,1.000000000
2422,0,1.021928095,0.400000000
2423,0,0.999985120,1.004541811
2424,0,0.302291891,0.080000000
2425,0,1.041970498,1.005308866
2426,0,0.306819678,0.081433211
2427,0,0.999999536,0.999197750
2428,0,1.021928048,0.400000000
2429,0,0.999984663,1.004611024
2430,0,1.870945993,1.200000000
2431,0,0.999826752,1.015497189
2432,0,1.021910770,0.400000000
2433,0,1.036381239,0.999439262
2434,0,1.031472475,0.405040695
2435,0,0.999984769,0.995404885
2436,0,0.302291884,0.080000000
2437,0,1.008869721,1.000079506
2438,0,-0.000000000,0.000000000
2439,0,1.000000000,1.000000000
2440,0,1.021928095,0.400000000
2441,0,1.036488422,1.010048802
2442,0,0.306136756,0.081216458
2443,0,0.999999444,0.999122405
2444,0,1.021928039,0.400000000
2445,0,1.159933805,1.026906680
2446,0,0.325022736,0.087274472
2447,0,0.999999872,0.999578700
2448,0,-0.000000000,0.000000000
2449,0,1.000000000,1.000000000
2450,0,1.021928095,0.400000000
2451,0,0.999985120,0.995458189
2452,0,1.870946130,1.400000000
2453,0,1.375530621,1.079632988
2454,0,1.849935952,2.174362672
2455,0,1.217222483,1.050575251
2456,0,0.362508402,0.106533772
2457,0,1.027916571,1.007766441
2458,0,0.020149516,0.011279034
2459,0,1.000000000,1.000000000
2460,0,1.009051350,1.491208791
2461,0,1.517261382,1.027802916
2462,0,1.560101178,0.859465366
2463,0,1.484076272,1.290003709
2464,0,1.426091780,0.692453406
2465,0,1.360870517,1.122815976
2466,0,0.081248362,0.058916103
2467,0,1.246576703,1.323403549
2468,0,0.473478894,0.227561731
2469,0,1.141384890,1.139486719
2470,0,0.159714679,0.172752321
2471,0,1.040179084,1.026916515
2472,0,-0.000000000,0.000000000
2473,0,1.000000000,1.000000000
2474,0,0.302292189,2.000000000
2475,0,1.182011943,3.009956488
2476,0,1.640904904,2.063277992
2477,0,0.999969322,0.993478609
2478,0,1.021925027,0.400000000
2479,0,0.999981205,1.005104420
2480,0,-0.000000000,0.000000000
2481,0,1.000000000,1.000000000
2482,0,-0.000000000,0.000000000
2483,0,1.000000000,1.000000000
2484,0,0.302292189,0.080000000
2485,0,1.008877014,1.000159612
2486,0,0.303049604,0.080239223
2487,0,0.999999429,0.999110257
2488,0,-0.000000000,0.000000000
2489,0,1.000000000,1.000000000
2490,0,1.870950594,1.200000000
2491,0,0.999853521,1.014249790
2492,0,1.870906651,1.200000000
2493,0,1.360691893,1.153612522
2494,0,1.489923459,0.754879357
2495,0,1.478330159,1.141880617
2496,0,1.439714971,1.841872159
2497,0,2.074707527,2.125074157
2498,0,1.233047569,1.624558683
2499,0,1.486007376,1.306517761
2500,0,2.273039806,2.265886912
2501,0,1.706586474,1.480759417
2502,0,0.274248524,0.263677356
2503,0,1.000000000,1.000000000
2504,0,1.021928095,0.400000000
2505,0,1.138458945,1.045092838
2506,0,0.461703213,0.172625995
2507,0,1.191059846,1.074098720
2508,0,0.133326756,0.111411961
2509,0,1.104358236,1.107411689
2510,0,0.156177440,0.149002115
2511,0,1.008726485,1.003281817
2512,0,1.030951323,0.404594640
2513,0,1.162727655,1.028004500
2514,0,0.002987463,0.001389899
2515,0,1.001013968,1.000374042
2516,0,0.302531897,0.080079338
2517,0,1.066743467,1.013989569
2518,0,1.072481986,0.421428235
2519,0,1.178861201,1.058420067
2520,0,0.372426833,1.977669615
2521,0,1.096656122,1.025973191
2522,0,-0.000000000,0.000000000
2523,0,1.000000000,1.000000000
2524,0,1.021928095,0.400000000
2525,0,0.999985120,0.995458189
2526,0,-0.000000000,0.000000000
2527,0,1.000000000,1.000000000
2528,0,-0.000000000,0.000000000
2529,0,1.000000000,1.000000000
2530,0,-0.000000000,0.000000000
2531,0,1.000000000,1.000000000
2532,0,1.021928095,0.400000000
2533,0,1.159955911,1.026993464
2534,0,1.927352236,1.169940592
2535,0,0.999917121,0.989281213
2536,0,1.870925731,1.400000000
2537,0,1.094641028,0.999569775
2538,0,0.314257708,0.083803176
2539,0,1.009343702,1.000214551
2540,0,1.507218772,1.002496370
2541,0,1.501906399,1.505497131
2542,0,2.140783465,1.751369385
2543,0,1.289627103,0.910301634
2544,0,1.951845991,1.833812134
2545,0,1.110703243,0.960353378
2546,0,1.057614764,0.419429181
2547,0,1.039079683,1.002080376
2548,0,0.306446864,0.081316110
2549,0,0.999999644,1.000702297
2550,0,1.870950488,1.400000000
2551,0,0.999849588,0.985560210
2552,0,-0.000000000,0.000000000
2553,0,1.000000000,1.000000000
2554,0,1.021928095,0.400000000
2555,0,1.036488422,1.000809672
2556,0,1.879816967,1.208201663
2557,0,1.379577278,1.111940108
2558,0,1.981597055,1.946210122
2559,0,1.438071289,1.962281176
2560,0,1.996588499,1.424688620
2561,0,1.454966880,1.151078995
2562,0,0.391052379,0.109592702
2563,0,1.012858072,0.999216356
2564,0,1.024893134,0.401547603
2565,0,1.036730994,1.001268085
2566,0,1.035354780,1.799816808
2567,0,1.594705611,1.186781472
2568,0,0.460914979,0.138069920
2569,0,1.033939466,1.011842862
2570,0,1.874231455,1.400685906
2571,0,1.525873903,1.321842091
2572,0,1.788168701,1.844559840
2573,0,1.125867019,0.543005010
2574,0,1.252215518,1.057855933
2575,0,1.241130613,1.235231982
2576,0,1.673627487,1.574811849
2577,0,1.427545379,0.800882972
2578,0,1.125610100,0.538954719
2579,0,0.942685315,0.404956751
2580,0,1.228188495,0.493927410
2581,0,0.252387642,0.083596577
2582,0,1.079791892,1.000202464
2583,0,1.101413000,2.007815009
2584,0,2.051890369,2.410127366
2585,0,1.793643240,3.293064917
2586,0,1.861225956,3.793588876
2587,0,0.638899803,3.699912991
2588,0,0.404589021,1.838629557
2589,0,-0.000000000,0.000000000
2590,0,1.000000000,1.000000000
2591,0,1.021928095,0.400000000
2592,0,1.052690404,1.007034221
2593,0,0.307787926,2.000000000
2594,0,1.013047487,1.001412456
2595,0,1.024635137,0.401469601
2596,0,1.000000000,1.000000000
2597,0,-0.000000000,0.000000000
2598,0,1.000000000,1.000000000
2599,0,-0.000000000,0.000000000
2600,0,1.000000000,1.000000000
2601,0,1.021928095,2.000000000
2602,0,1.052690404,1.007034221
2603,0,-0.000000000,0.000000000
2604,0,1.000000000,1.000000000
2605,0,1.870950594,1.200000000
2606,0,2.305215896,1.504545455
2607,0,2.076761654,1.729368030
2608,0,1.000000000,1.000000000
2609,0,1.021928095,1.800000000
2610,0,1.000000000,1.000000000
2611,0,0.302292189,0.080000000
2612,0,1.012773762,1.001377513
2613,0,1.024571058,0.401435139
2614,0,1.052875527,1.007064537
2615,0,1.882776001,1.211975359
2616,0,2.312374923,1.510301756
2617,0,-0.000000000,0.000000000
2618,0,1.000000000,1.000000000
2619,0,-0.000000000,0.000000000
2620,0,1.000000000,1.000000000
2621,0,1.021928095,2.000000000
2622,0,1.228118215,1.041111111
2623,0,-0.000000000,0.000000000
2624,0,1.000000000,1.000000000
2625,0,1.500000000,1.000000000
2626,0,1.764492375,1.205555556
2627,0,1.373220565,0.618879354
2628,0,1.000000000,1.000000000
2629,0,1.870950594,1.200000000
2630,0,1.138751800,1.022289157
2631,0,1.064163411,0.423273040
2632,0,1.239942264,1.043913668
2633,0,0.336767661,0.091242726
2634,0,1.000000000,1.000000000
2635,0,1.021928095,0.400000000
2636,0,1.000000000,1.000000000
2637,0,1.500000000,2.000000000
2638,0,1.220308818,1.039361702
2639,0,0.333274852,0.090089391
2640,0,1.000000000,1.000000000
2641,0,-0.000000000,0.000000000
2642,0,1.000000000,1.000000000
2643,0,1.021928095,0.400000000
2644,0,1.228118215,1.041111111
2645,0,1.929031819,1.266885862
2646,0,1.000000000,1.000000000
2647,0,-0.000000000,0.000000000
2648,0,1.000000000,1.000000000
2649,0,1.021928095,1.800000000
2650,0,1.052690404,1.007034221
2651,0,-0.000000000,0.000000000
2652,0,1.000000000,1.000000000
2653,0,0.302292189,0.080000000
2654,0,1.060184319,1.008222222
2655,0,0.308717777,0.082066230
2656,0,1.013093875,1.001418389
2657,0,0.303397451,0.080354370
2658,0,1.012828771,1.001384528
2659,0,0.303372302,0.080346343
2660,0,1.000000000,1.000000000
2661,0,1.021928095,1.800000000
2662,0,1.228118215,1.041111111
2663,0,1.098973413,1.786529114
2664,0,1.249825024,1.046290602
2665,0,1.935176299,1.394561072
2666,0,1.000000000,1.000000000
2667,0,1.021928095,0.400000000
2668,0,1.052690404,1.007034221
2669,0,0.307787926,0.081766365
2670,0,1.000000000,1.000000000
2671,0,1.021928095,2.000000000
2672,0,1.052690404,1.007034221
2673,0,0.307787926,0.081766365
2674,0,1.061422809,1.008429735
2675,0,0.308872313,0.082115836
2676,0,1.000000000,1.000000000
2677,0,1.870950594,2.000000000
2678,0,1.000000000,1.000000000
2679,0,1.021928095,0.400000000
2680,0,1.000000000,1.000000000
2681,0,1.021928095,0.400000000
2682,0,1.228118215,1.041111111
2683,0,0.334665510,0.090549664
2684,0,1.067506413,1.009461600
2685,0,1.039891005,0.409796323
2686,0,1.233133038,1.042295375
2687,0,0.335552255,0.090841798
2688,0,1.067711191,1.009496996
2689,0,0.322745115,0.086971465
2690,0,1.120269063,1.023821188
2691,0,0.384300715,0.117499620
2692,0,1.396206297,1.118109490
2693,0,2.060987929,2.132812237
2694,0,1.174948460,1.055585449
2695,0,0.344337578,0.103335654
2696,0,1.016046614,1.011251461
2697,0,0.319956772,0.096366798
2698,0,1.026589031,1.013382973
2699,0,0.306113808,0.082789383
2700,0,1.002808432,1.002228865
2701,0,0.304721923,0.082378591
2702,0,1.013809520,1.002169802
2703,0,0.001197735,0.001074835
2704,0,1.000304965,1.000233058
2705,0,1.021956926,0.400018140
2706,0,1.052691252,1.007034582
2707,0,1.035378685,1.797703444
2708,0,1.793831734,1.217452595
2709,0,2.053807361,1.492224525
2710,0,1.182458174,1.031872699
2711,0,-0.000000000,0.000000000
2712,0,1.000000000,1.000000000
2713,0,1.021928095,0.400000000
2714,0,1.228118215,1.041111111
2715,0,-0.000000000,0.000000000
2716,0,1.000000000,1.000000000
2717,0,1.021928095,0.400000000
2718,0,1.000000000,1.000000000
2719,0,-0.000000000,0.000000000
2720,0,1.000000000,1.000000000
2721,0,-0.000000000,0.000000000
2722,0,1.000000000,1.000000000
2723,0,0.302292189,0.080000000
2724,0,1.060184319,1.008222222
2725,0,0.308717777,2.000000000
2726,0,1.013093875,1.001418389
2727,0,1.024646017,0.401475452
2728,0,1.052880842,1.007065415
2729,0,1.035434982,0.407363407
2730,0,1.053639367,1.007189860
2731,0,1.671305665,1.038769317
2732,0,1.822594192,1.230748385
2733,0,1.406883671,0.642877932
2734,0,2.040959961,1.336213230
2735,0,-0.000000000,0.000000000
2736,0,1.000000000,1.000000000
2737,0,-0.000000000,0.000000000
2738,0,1.000000000,1.000000000
2739,0,1.500000000,2.000000000
2740,0,1.220308818,1.039361702
2741,0,0.333274852,0.090089391
2742,0,1.284395234,1.054516171
2743,0,0.345092718,0.094012735
2744,0,1.014928847,1.001655843
2745,0,0.303573576,0.080410582
2746,0,1.012837655,1.001385670
2747,0,0.303373142,0.080346611
2748,0,1.000000000,1.000000000
2749,0,0.302292189,0.080000000
2750,0,1.000000000,1.000000000
2751,0,-0.000000000,0.000000000
2752,0,1.000000000,1.000000000
2753,0,0.302292189,0.080000000
2754,0,1.257422929,1.047844828
2755,0,0.340029904,0.092331027
2756,0,1.068725833,1.009670875
2757,0,1.886811085,1.216224394
2758,0,1.000000000,1.000000000
2759,0,0.302292189,0.080000000
2760,0,1.000000000,1.000000000
2761,0,1.021928095,1.800000000
2762,0,1.000000000,1.000000000
2763,0,1.021928095,0.400000000
2764,0,1.052690404,1.007034221
2765,0,0.307787926,0.081766365
2766,0,1.013047487,1.001412456
2767,0,-0.000000000,0.000000000
2768,0,1.000000000,1.000000000
2769,0,1.021928095,1.800000000
2770,0,1.228118215,1.041111111
2771,0,1.929031819,2.001984500
2772,0,1.148811807,1.024423437
2773,0,0.321291416,0.086144352
2774,0,1.064483345,1.008946601
2775,0,1.038954854,0.409287040
2776,0,1.053888868,1.007231106
2777,0,0.307933201,0.081812912
2778,0,1.013054846,1.001413403
2779,0,-0.000000000,0.000000000
2780,0,1.000000000,1.000000000
2781,0,1.870950594,1.400000000
2782,0,1.000000000,1.000000000
2783,0,1.500000000,1.000000000
2784,0,1.764492375,1.205555556
2785,0,-0.000000000,0.000000000
2786,0,1.000000000,1.000000000
2787,0,-0.000000000,0.000000000
2788,0,1.000000000,1.000000000
2789,0,-0.000000000,0.000000000
2790,0,1.000000000,1.000000000
2791,0,1.870950594,2.000000000
2792,0,2.305215896,1.504545455
2793,0,-0.000000000,0.000000000
2794,0,1.000000000,1.000000000
2795,0,0.302292189,0.080000000
2796,0,1.000000000,1.000000000
2797,0,-0.000000000,0.000000000
2798,0,1.000000000,1.000000000
2799,0,0.302292189,0.080000000
2800,0,1.012773762,1.001377513
2801,0,-0.000000000,0.000000000
2802,0,1.000000000,1.000000000
2803,0,-0.000000000,0.000000000
2804,0,1.000000000,1.000000000
2805,0,0.302292189,0.080000000
2806,0,1.060184319,1.008222222
2807,0,1.884579970,1.213921204
2808,0,1.000000000,1.000000000
2809,0,-0.000000000,0.000000000
2810,0,1.000000000,1.000000000
2811,0,-0.000000000,0.000000000
2812,0,1.000000000,1.000000000
2813,0,0.302292189,0.080000000
2814,0,1.012773762,1.001377513
2815,0,0.303367094,0.080344681
2816,0,1.012827240,1.001384331
2817,0,1.024583561,0.401441863
2818,0,1.052876414,1.007064684
2819,0,0.307810433,0.081773577
2820,0,1.000000000,1.000000000
2821,0,0.302292189,0.080000000
2822,0,1.060184319,1.008222222
2823,0,1.037639028,0.408572389
2824,0,1.053794829,1.007215404
2825,0,1.035706313,0.407510288
2826,0,1.000000000,1.000000000
2827,0,1.021928095,0.400000000
2828,0,1.228118215,1.041111111
2829,0,-0.000000000,0.000000000
2830,0,1.000000000,1.000000000
2831,0,1.500000000,2.000000000
2832,0,1.764492375,1.205555556
2833,0,1.373220565,0.618879354
2834,0,1.080076728,1.011733206
2835,0,1.043856458,2.000000000
2836,0,1.799908490,1.941552155
2837,0,0.484397442,1.938173671
2838,0,1.102198226,1.015706730
2839,0,0.314297687,0.083862501
2840,0,1.267979466,1.050437367
2841,0,1.115710025,0.452657969
2842,0,1.059434220,1.008152694
2843,0,1.884476992,1.213697152
2844,0,1.538691522,1.125588811
2845,0,2.006691726,2.005543309
2846,0,1.166564607,1.028312328
2847,0,1.074406098,0.428908381
2848,0,1.056435078,1.007661811
2849,0,1.883699687,2.000393294
2850,0,1.000620239,1.000126637
2851,0,1.022079429,1.800018188
2852,0,1.228266225,1.041139117
2853,0,0.338599891,0.091838499
2854,0,1.048595389,1.010800259
2855,0,1.024443020,0.579832251
2856,0,0.790835848,1.786103001
2857,0,1.738866311,1.368390098
2858,0,1.542929676,0.969778748
2859,0,1.188402665,0.512989170
2860,0,1.458568242,0.614886590
2861,0,1.713165980,0.877013706
2862,0,1.785156297,1.709864978
2863,0,0.140099344,0.039522987
2864,0,0.365288146,0.100200291
2865,0,1.628698087,1.409915930
2866,0,1.352032099,0.696430875
2867,0,0.908620575,0.424091025
2868,0,-0.000000000,0.000000000
2869,0,1.000000000,1.000000000
2870,0,-0.000000000,0.000000000
2871,0,1.000000000,1.000000000
2872,0,0.302292189,0.080000000
2873,0,1.008877014,1.001980934
2874,0,0.303049604,0.080239223
2875,0,1.008906805,1.001982179
2876,0,-0.000000000,0.000000000
2877,0,1.000000000,1.000000000
2878,0,-0.000000000,0.000000000
2879,0,1.000000000,1.000000000
2880,0,1.021928095,2.000000000
2881,0,1.491226097,1.503048780
2882,0,1.700297798,1.612989978
2883,0,1.693654395,1.082929055
2884,0,1.370147066,0.621254443
2885,0,1.060775631,0.965372628
2886,0,1.549767853,1.939269360
2887,0,1.563476791,1.162058497
2888,0,2.023865681,1.415119533
2889,0,1.124829445,1.063011257
2890,0,1.600143605,1.050767904
2891,0,1.582412253,1.187751135
2892,0,-0.000000000,0.000000000
2893,0,1.000000000,1.000000000
2894,0,0.302292189,0.080000000
2895,0,1.042002482,1.007398693
2896,0,-0.000000000,0.000000000
2897,0,1.000000000,1.000000000
2898,0,-0.000000000,0.000000000
2899,0,1.000000000,1.000000000
2900,0,0.302292189,0.080000000
2901,0,0.999999425,0.999107284
2902,0,-0.000000000,0.000000000
2903,0,1.000000000,1.000000000
2904,0,-0.000000000,0.000000000
2905,0,1.000000000,1.000000000
2906,0,1.021928095,0.400000000
2907,0,0.999985120,1.004541811
2908,0,-0.000000000,0.000000000
2909,0,1.000000000,1.000000000
2910,0,-0.000000000,0.000000000
2911,0,1.000000000,1.000000000
2912,0,0.302292189,0.080000000
2913,0,1.008877014,1.000159612
2914,0,0.303049604,0.080239223
2915,0,1.182554477,1.039250933
2916,0,1.086999532,0.435228969
2917,0,1.175569354,1.034650889
2918,0,1.083849273,0.433452096
2919,0,1.616569534,1.190406887
2920,0,-0.000000000,0.000000000
2921,0,1.000000000,1.000000000
2922,0,1.021928095,1.800000000
2923,0,1.036488422,1.010048802
2924,0,0.306136756,0.081216458
2925,0,1.009028355,1.000196819
2926,0,-0.000000000,0.000000000
2927,0,1.000000000,1.000000000
2928,0,1.021928095,0.400000000
2929,0,1.036488422,1.010048802
2930,0,0.306136756,0.081216458
2931,0,0.999999444,0.999122405
2932,0,1.021928039,0.400000000
2933,0,1.036482441,1.010125218
2934,0,-0.000000000,0.000000000
2935,0,1.000000000,1.000000000
2936,0,1.021928095,2.000000000
2937,0,1.036488422,2.997038598
2938,0,1.031497217,2.000418223
2939,0,1.162116671,3.005031740
2940,0,1.078236893,2.007070471
2941,0,1.173358587,1.033233946
2942,0,0.327377338,0.088037066
2943,0,1.009919647,1.001503511
2944,0,-0.000000000,0.000000000
2945,0,1.000000000,1.000000000
2946,0,1.009051350,1.491208791
2947,0,-0.000000000,0.000000000
2948,0,0.985228136,1.142857143
2949,0,0.696061450,1.729411765
2950,0,1.170367528,1.566489528
2951,0,0.581537050,1.846372150
2952,0,1.334885444,1.934511352
2953,0,1.512896890,2.113007703
2954,0,1.487715240,1.302071374
2955,0,1.336886172,0.790977683
2956,0,1.121223158,0.538521201
2957,0,2.054550310,1.359871356
2958,0,1.654627148,1.486071693
2959,0,2.230047066,2.346480745
2960,0,1.880833630,1.518132244
2961,0,1.017861824,0.613232740
2962,0,0.761449786,0.386214763
2963,0,1.384127315,0.573425368
2964,0,0.389897163,0.151174778
2965,0,0.542584164,0.168016010
2966,0,0.497439239,0.147461381
2967,0,0.446263473,0.128790059
2968,0,0.346033552,0.102610894
2969,0,1.033226958,1.754326816
2970,0,0.842069726,1.859149459
2971,0,2.278887680,1.898021749
2972,0,1.863016426,2.098061100
2973,0,1.897229723,1.750264105
2974,0,1.495009647,0.811962983
2975,0,1.833099776,1.033686025
2976,0,1.680968828,1.104733050
2977,0,1.702368106,1.049049996
2978,0,1.140715639,0.630604754
2979,0,0.355235499,0.119269774
2980,0,0.000616342,0.000316093
2981,0,0.000143606,0.000060304
2982,0,0.282437548,0.080066134
2983,0,0.045715743,0.008960913
2984,0,0.939526365,0.406385973
2985,0,0.042058418,0.008163365
2986,0,0.000058250,0.000025083
2987,0,0.000013223,0.000004738
2988,0,1.570951732,1.400000257
2989,0,1.181290899,0.600000000
2990,0,1.726902284,0.952251023
2991,0,0.591307819,0.381040061
2992,0,0.789857433,0.471777577
2993,0,0.130549374,0.037463460
2994,0,0.342454977,0.103226239
2995,0,0.222634784,0.088087364
2996,0,1.779416559,1.274899902
2997,0,0.834225745,0.380104027
2998,0,-0.000000000,0.000000000
2999,0,-0.000000000,0.000000000
