layout,ghost,variance,nghosts,protocol,metric,earlier_window,later_window,earlier_mean,later_mean,delta,low,high,margin,n_total,n_complete,reason,status
large_filter,afraid,1.0,1,continuous_tracking_random_legal_pacman,entropy,1,2,2.020551930890334,2.0226789478102,0.002127016919866061,-0.1257401438797143,0.1299941777194464,0.1,30,30,interval_too_wide,stability_not_established
large_filter,afraid,1.0,1,continuous_tracking_random_legal_pacman,exp_dist,1,2,2.0027827970414664,2.036227728611067,0.033444931569600066,-0.1803521149056751,0.24724197804487524,0.25,30,30,within_practical_margin,stable_within_margin
large_filter,afraid,1.0,1,continuous_tracking_random_legal_pacman,entropy,1,3,2.020551930890334,2.0463053793687993,0.025753448478465692,-0.08361837057046465,0.13512526752739604,0.1,30,30,interval_too_wide,stability_not_established
large_filter,afraid,1.0,1,continuous_tracking_random_legal_pacman,exp_dist,1,3,2.0027827970414664,2.0592798216650006,0.05649702462353374,-0.10383348385197397,0.21682753309904143,0.25,30,30,within_practical_margin,stable_within_margin
large_filter,afraid,1.0,1,continuous_tracking_random_legal_pacman,entropy,2,3,2.0226789478102,2.0463053793687993,0.02362643155859963,-0.0689264930585106,0.11617935617570986,0.1,30,30,interval_too_wide,stability_not_established
large_filter,afraid,1.0,1,continuous_tracking_random_legal_pacman,exp_dist,2,3,2.036227728611067,2.0592798216650006,0.02305209305393367,-0.12340522260157445,0.16950940870944178,0.25,30,30,within_practical_margin,stable_within_margin
large_filter,confused,1.0,1,continuous_tracking_random_legal_pacman,entropy,1,2,2.9014689273505994,2.8532510883009334,-0.04821783904966643,-0.14641917947360739,0.049983501374274535,0.1,30,30,interval_too_wide,stability_not_established
large_filter,confused,1.0,1,continuous_tracking_random_legal_pacman,exp_dist,1,2,3.1975803111480663,3.0792168642342657,-0.11836344691380049,-0.38915414050372976,0.1524272466761288,0.25,30,30,interval_too_wide,stability_not_established
large_filter,confused,1.0,1,continuous_tracking_random_legal_pacman,entropy,1,3,2.9014689273505994,2.8568673274312,-0.044601599919400124,-0.1242493154815319,0.03504611564273164,0.1,30,30,interval_too_wide,stability_not_established
large_filter,confused,1.0,1,continuous_tracking_random_legal_pacman,exp_dist,1,3,3.1975803111480663,3.0654241459804,-0.13215616516766615,-0.340298258648952,0.0759859283136197,0.25,30,30,interval_too_wide,stability_not_established
large_filter,confused,1.0,1,continuous_tracking_random_legal_pacman,entropy,2,3,2.8532510883009334,2.8568673274312,0.003616239130266304,-0.10044734300455299,0.1076798212650856,0.1,30,30,interval_too_wide,stability_not_established
large_filter,confused,1.0,1,continuous_tracking_random_legal_pacman,exp_dist,2,3,3.0792168642342657,3.0654241459804,-0.013792718253865669,-0.28415713640176293,0.25657169989403156,0.25,30,30,interval_too_wide,stability_not_established
large_filter,scared,1.0,1,continuous_tracking_random_legal_pacman,entropy,1,2,0.8478033376656003,0.8797942891855335,0.031990951519933405,-0.06100743070797145,0.12498933374783826,0.1,30,30,interval_too_wide,stability_not_established
large_filter,scared,1.0,1,continuous_tracking_random_legal_pacman,exp_dist,1,2,0.7376643187341998,0.7755882012906664,0.03792388255646648,-0.05591490548270823,0.1317626705956412,0.25,30,30,within_practical_margin,stable_within_margin
large_filter,scared,1.0,1,continuous_tracking_random_legal_pacman,entropy,1,3,0.8478033376656003,0.8258247796604004,-0.02197855800520012,-0.13433620730450332,0.09037909129410307,0.1,30,30,interval_too_wide,stability_not_established
large_filter,scared,1.0,1,continuous_tracking_random_legal_pacman,exp_dist,1,3,0.7376643187341998,0.7240941367177999,-0.013570182016400026,-0.12223850465042027,0.09509814061762023,0.25,30,30,within_practical_margin,stable_within_margin
large_filter,scared,1.0,1,continuous_tracking_random_legal_pacman,entropy,2,3,0.8797942891855335,0.8258247796604004,-0.05396950952513353,-0.14745227670697109,0.03951325765670402,0.1,30,30,interval_too_wide,stability_not_established
large_filter,scared,1.0,1,continuous_tracking_random_legal_pacman,exp_dist,2,3,0.7755882012906664,0.7240941367177999,-0.0514940645728665,-0.14762829161571903,0.04464016246998601,0.25,30,30,within_practical_margin,stable_within_margin
large_filter_walls,afraid,1.0,1,continuous_tracking_random_legal_pacman,entropy,1,2,1.6504985522599336,1.6535267592842,0.003028207024266394,-0.24533563900178076,0.25139205305031354,0.1,30,30,interval_too_wide,stability_not_established
large_filter_walls,afraid,1.0,1,continuous_tracking_random_legal_pacman,exp_dist,1,2,1.5559272231762664,1.5755433827880003,0.019616159611733342,-0.2488923281063899,0.2881246473298566,0.25,30,30,interval_too_wide,stability_not_established
large_filter_walls,afraid,1.0,1,continuous_tracking_random_legal_pacman,entropy,1,3,1.6504985522599336,1.7485211487959331,0.09802259653599986,-0.25530124707751883,0.4513464401495186,0.1,30,30,interval_too_wide,stability_not_established
large_filter_walls,afraid,1.0,1,continuous_tracking_random_legal_pacman,exp_dist,1,3,1.5559272231762664,1.6951766840204663,0.1392494608441998,-0.22265904654397972,0.5011579682323793,0.25,30,30,interval_too_wide,stability_not_established
large_filter_walls,afraid,1.0,1,continuous_tracking_random_legal_pacman,entropy,2,3,1.6535267592842,1.7485211487959331,0.09499438951173346,-0.16629931845473078,0.3562880974781977,0.1,30,30,interval_too_wide,stability_not_established
large_filter_walls,afraid,1.0,1,continuous_tracking_random_legal_pacman,exp_dist,2,3,1.5755433827880003,1.6951766840204663,0.11963330123246649,-0.19122307468428437,0.4304896771492174,0.25,30,30,interval_too_wide,stability_not_established
large_filter_walls,confused,1.0,1,continuous_tracking_random_legal_pacman,entropy,1,2,2.357870976021067,2.3794784016350667,0.021607425613999687,-0.1383930587744388,0.1816079100024382,0.1,30,30,interval_too_wide,stability_not_established
large_filter_walls,confused,1.0,1,continuous_tracking_random_legal_pacman,exp_dist,1,2,2.4411202447091327,2.4214268952149998,-0.01969334949413315,-0.33032323498700006,0.29093653599873376,0.25,30,30,interval_too_wide,stability_not_established
large_filter_walls,confused,1.0,1,continuous_tracking_random_legal_pacman,entropy,1,3,2.357870976021067,2.388795157059266,0.03092418103819976,-0.18830012456190345,0.25014848663830297,0.1,30,30,interval_too_wide,stability_not_established
large_filter_walls,confused,1.0,1,continuous_tracking_random_legal_pacman,exp_dist,1,3,2.4411202447091327,2.4244877487788,-0.01663249593033301,-0.3224679962674658,0.2892030044067998,0.25,30,30,interval_too_wide,stability_not_established
large_filter_walls,confused,1.0,1,continuous_tracking_random_legal_pacman,entropy,2,3,2.3794784016350667,2.388795157059266,0.009316755424200074,-0.16130274876423428,0.17993625961263443,0.1,30,30,interval_too_wide,stability_not_established
large_filter_walls,confused,1.0,1,continuous_tracking_random_legal_pacman,exp_dist,2,3,2.4214268952149998,2.4244877487788,0.0030608535638001256,-0.2693816381024075,0.2755033452300078,0.25,30,30,interval_too_wide,stability_not_established
large_filter_walls,scared,1.0,1,continuous_tracking_random_legal_pacman,entropy,1,2,0.7564515256830672,0.746510744567867,-0.009940781115200152,-0.19742215820057482,0.1775405959701745,0.1,30,30,interval_too_wide,stability_not_established
large_filter_walls,scared,1.0,1,continuous_tracking_random_legal_pacman,exp_dist,1,2,0.6585220612108664,0.6528573258683333,-0.005664735342533319,-0.18139679260399239,0.17006732191892576,0.25,30,30,within_practical_margin,stable_within_margin
large_filter_walls,scared,1.0,1,continuous_tracking_random_legal_pacman,entropy,1,3,0.7564515256830672,0.7746456106349336,0.01819408495186636,-0.17963147961343262,0.21601964951716535,0.1,30,30,interval_too_wide,stability_not_established
large_filter_walls,scared,1.0,1,continuous_tracking_random_legal_pacman,exp_dist,1,3,0.6585220612108664,0.6820908907043333,0.02356882949346661,-0.15311148553090453,0.20024914451783776,0.25,30,30,within_practical_margin,stable_within_margin
large_filter_walls,scared,1.0,1,continuous_tracking_random_legal_pacman,entropy,2,3,0.746510744567867,0.7746456106349336,0.0281348660670665,-0.15834827741623111,0.2146180095503641,0.1,30,30,interval_too_wide,stability_not_established
large_filter_walls,scared,1.0,1,continuous_tracking_random_legal_pacman,exp_dist,2,3,0.6528573258683333,0.6820908907043333,0.029233564835999912,-0.14239041908402839,0.20085754875602824,0.25,30,30,within_practical_margin,stable_within_margin
