0,0,4.348167,2.883319
0,1,4.892727,6.177406
0,2,4.014048,2.618615
1,0,3.305880,2.283452
1,1,4.052130,4.989659
1,2,4.093458,2.690077
2,0,3.587111,3.266541
2,1,4.378238,5.700537
2,2,4.218621,2.543631
3,0,3.728494,2.556203
3,1,4.407005,4.598156
3,2,4.324560,2.559939
4,0,3.509607,1.820727
4,1,4.347230,5.731858
4,2,4.317268,2.734288
5,0,3.746817,1.717836
5,1,4.356842,5.296909
5,2,4.344014,2.414066
6,0,3.954857,2.254292
6,1,3.764104,4.010073
6,2,3.907252,2.575914
7,0,3.142252,2.509621
7,1,3.984299,3.560370
7,2,4.340289,3.125177
8,0,3.684551,2.652572
8,1,4.222923,3.011696
8,2,4.092483,3.820777
9,0,2.360866,2.211435
9,1,1.974993,1.083540
9,2,4.033327,3.506032
10,0,3.356998,3.312222
10,1,2.626564,1.096678
10,2,4.288712,3.944880
11,0,3.542763,4.050038
11,1,3.046781,1.720555
11,2,1.808326,1.668024
12,0,3.442314,4.975174
12,1,3.488193,2.538517
12,2,2.709642,1.168075
13,0,2.254940,2.758696
13,1,4.047195,3.919850
13,2,3.251275,1.673928
14,0,3.218236,2.489150
14,1,3.516976,5.027686
14,2,3.639203,2.351616
15,0,2.738752,2.092557
15,1,3.922341,4.438723
15,2,3.539504,1.637949
16,0,3.025874,2.655218
16,1,4.055901,4.884560
16,2,3.616799,2.082813
17,0,2.940403,2.489707
17,1,4.190171,4.799097
17,2,4.026985,2.973161
18,0,2.956969,1.666087
18,1,3.036612,3.983992
18,2,3.778020,2.939569
19,0,3.034318,2.119992
19,1,3.595915,3.936352
19,2,3.713452,4.039033
20,0,3.072659,2.787238
20,1,3.824073,4.341611
20,2,4.010125,3.222950
21,0,2.588774,2.090303
21,1,2.056206,1.371640
21,2,3.966365,4.093195
22,0,2.391108,1.681278
22,1,3.001001,1.802586
22,2,3.093573,2.844437
23,0,2.222155,1.379543
23,1,3.797245,2.386659
23,2,2.854895,3.053526
24,0,2.411443,1.481642
24,1,4.187163,2.233381
24,2,3.591790,4.135613
25,0,2.898735,1.842910
25,1,4.302503,2.431059
25,2,3.669337,5.442588
26,0,2.743284,1.783319
26,1,4.322949,2.322188
26,2,3.779948,3.784270
27,0,2.526371,1.793300
27,1,4.434082,2.483969
27,2,3.742643,4.914058
28,0,2.696093,1.614011
28,1,4.566115,3.410259
28,2,3.583144,2.715359
29,0,2.141623,2.034830
29,1,4.459438,3.189185
29,2,3.388076,1.444710
30,0,2.343746,1.463873
30,1,4.576086,2.939275
30,2,3.780614,1.786670
31,0,2.110742,1.188703
31,1,4.686972,3.519366
31,2,4.028389,2.405543
32,0,1.488009,1.056612
32,1,4.339197,3.526874
32,2,3.881053,3.129257
33,0,1.733837,0.809269
33,1,4.178515,3.459533
33,2,4.468320,3.441698
34,0,2.206332,1.645724
34,1,4.033906,3.631740
34,2,3.643414,3.600933
35,0,1.991382,1.141522
35,1,3.163250,3.241972
35,2,4.077512,3.056913
36,0,2.244175,2.178072
36,1,3.341970,3.693160
36,2,3.882063,2.873802
37,0,1.787960,2.022776
37,1,3.772010,4.133907
37,2,1.378643,0.665872
38,0,2.508872,1.713627
38,1,3.782976,4.690113
38,2,1.979136,1.337967
39,0,1.042542,0.676825
39,1,3.785515,4.352488
39,2,2.594654,1.206764
40,0,1.301787,1.337262
40,1,2.928216,1.956172
40,2,3.047862,1.682919
41,0,2.156901,1.304423
41,1,1.939852,1.390334
41,2,2.919963,1.784700
42,0,2.011642,1.343573
42,1,1.546283,2.319555
42,2,3.189538,2.121684
43,0,1.577946,1.037692
43,1,2.653661,2.524991
43,2,1.309030,1.510051
44,0,1.681482,1.542456
44,1,1.438937,2.714273
44,2,2.351888,2.400352
45,0,2.201398,1.346508
45,1,1.764467,1.989091
45,2,2.051858,1.331754
46,0,2.165936,1.645579
46,1,0.940701,1.288288
46,2,1.857312,1.411775
47,0,2.159200,1.838479
47,1,1.965526,2.292536
47,2,0.130762,0.032135
48,0,2.051799,2.020322
48,1,2.229392,1.826426
48,2,1.112030,1.020779
49,0,1.257727,0.954873
49,1,2.674749,1.951500
49,2,1.983322,2.487810
50,0,2.271352,1.446911
50,1,2.306563,2.366552
50,2,2.573076,2.604535
51,0,2.239037,1.663578
51,1,2.121149,1.880346
51,2,1.479721,1.421662
52,0,2.115081,1.738598
52,1,2.083181,1.895059
52,2,1.284452,0.974118
53,0,1.913225,1.134745
53,1,1.571431,3.090928
53,2,1.640618,0.836420
54,0,2.386616,1.942407
54,1,2.423624,2.963811
54,2,2.178301,1.247606
55,0,1.603748,2.103616
55,1,2.145503,2.436605
55,2,1.672012,0.757353
56,0,2.063569,1.591855
56,1,1.687966,2.412786
56,2,1.917062,1.266623
57,0,2.019731,2.503968
57,1,1.893793,2.856841
57,2,2.274653,1.304801
58,0,1.984319,1.198870
58,1,0.751896,3.143038
58,2,2.084663,1.392461
59,0,2.455192,2.266901
59,1,1.751309,4.143107
59,2,1.897877,1.087731
