0,0,5.240048,5.178437
1,0,4.615341,5.195651
2,0,4.817397,5.095240
3,0,4.890301,5.607683
4,0,4.838031,5.252422
5,0,4.561461,4.991134
6,0,4.871446,4.947412
7,0,4.732594,5.135269
8,0,4.627638,5.481403
9,0,4.721892,4.986560
10,0,4.629138,5.487559
11,0,4.436966,6.144103
12,0,4.350802,7.026708
13,0,3.671414,4.435308
14,0,3.992337,4.938121
15,0,3.768170,5.106910
16,0,3.714080,6.109200
17,0,2.889214,6.362668
18,0,3.392262,5.580110
19,0,3.029042,4.422459
20,0,2.627686,6.682076
21,0,1.741062,2.918144
22,0,1.887296,2.349163
23,0,1.833293,2.459563
24,0,1.186465,1.070382
25,0,1.150114,0.680055
26,0,1.260580,1.013445
