file,steps,complete,metadata_available,end_reason
large_filter_afraid_v1_s0.csv,6000,True,True,step_limit
large_filter_afraid_v1_s1.csv,6000,True,True,step_limit
large_filter_afraid_v1_s10.csv,6000,True,True,step_limit
large_filter_afraid_v1_s11.csv,6000,True,True,step_limit
large_filter_afraid_v1_s12.csv,6000,True,True,step_limit
large_filter_afraid_v1_s13.csv,6000,True,True,step_limit
large_filter_afraid_v1_s14.csv,6000,True,True,step_limit
large_filter_afraid_v1_s15.csv,6000,True,True,step_limit
large_filter_afraid_v1_s16.csv,6000,True,True,step_limit
large_filter_afraid_v1_s17.csv,6000,True,True,step_limit
large_filter_afraid_v1_s18.csv,6000,True,True,step_limit
large_filter_afraid_v1_s19.csv,6000,True,True,step_limit
large_filter_afraid_v1_s2.csv,6000,True,True,step_limit
large_filter_afraid_v1_s20.csv,6000,True,True,step_limit
large_filter_afraid_v1_s21.csv,6000,True,True,step_limit
large_filter_afraid_v1_s22.csv,6000,True,True,step_limit
large_filter_afraid_v1_s23.csv,6000,True,True,step_limit
large_filter_afraid_v1_s24.csv,6000,True,True,step_limit
large_filter_afraid_v1_s25.csv,6000,True,True,step_limit
large_filter_afraid_v1_s26.csv,6000,True,True,step_limit
large_filter_afraid_v1_s27.csv,6000,True,True,step_limit
large_filter_afraid_v1_s28.csv,6000,True,True,step_limit
large_filter_afraid_v1_s29.csv,6000,True,True,step_limit
large_filter_afraid_v1_s3.csv,6000,True,True,step_limit
large_filter_afraid_v1_s4.csv,6000,True,True,step_limit
large_filter_afraid_v1_s5.csv,6000,True,True,step_limit
large_filter_afraid_v1_s6.csv,6000,True,True,step_limit
large_filter_afraid_v1_s7.csv,6000,True,True,step_limit
large_filter_afraid_v1_s8.csv,6000,True,True,step_limit
large_filter_afraid_v1_s9.csv,6000,True,True,step_limit
large_filter_confused_v1_s0.csv,6000,True,True,step_limit
large_filter_confused_v1_s1.csv,6000,True,True,step_limit
large_filter_confused_v1_s10.csv,6000,True,True,step_limit
large_filter_confused_v1_s11.csv,6000,True,True,step_limit
large_filter_confused_v1_s12.csv,6000,True,True,step_limit
large_filter_confused_v1_s13.csv,6000,True,True,step_limit
large_filter_confused_v1_s14.csv,6000,True,True,step_limit
large_filter_confused_v1_s15.csv,6000,True,True,step_limit
large_filter_confused_v1_s16.csv,6000,True,True,step_limit
large_filter_confused_v1_s17.csv,6000,True,True,step_limit
large_filter_confused_v1_s18.csv,6000,True,True,step_limit
large_filter_confused_v1_s19.csv,6000,True,True,step_limit
large_filter_confused_v1_s2.csv,6000,True,True,step_limit
large_filter_confused_v1_s20.csv,6000,True,True,step_limit
large_filter_confused_v1_s21.csv,6000,True,True,step_limit
large_filter_confused_v1_s22.csv,6000,True,True,step_limit
large_filter_confused_v1_s23.csv,6000,True,True,step_limit
large_filter_confused_v1_s24.csv,6000,True,True,step_limit
large_filter_confused_v1_s25.csv,6000,True,True,step_limit
large_filter_confused_v1_s26.csv,6000,True,True,step_limit
large_filter_confused_v1_s27.csv,6000,True,True,step_limit
large_filter_confused_v1_s28.csv,6000,True,True,step_limit
large_filter_confused_v1_s29.csv,6000,True,True,step_limit
large_filter_confused_v1_s3.csv,6000,True,True,step_limit
large_filter_confused_v1_s4.csv,6000,True,True,step_limit
large_filter_confused_v1_s5.csv,6000,True,True,step_limit
large_filter_confused_v1_s6.csv,6000,True,True,step_limit
large_filter_confused_v1_s7.csv,6000,True,True,step_limit
large_filter_confused_v1_s8.csv,6000,True,True,step_limit
large_filter_confused_v1_s9.csv,6000,True,True,step_limit
large_filter_scared_v1_s0.csv,6000,True,True,step_limit
large_filter_scared_v1_s1.csv,6000,True,True,step_limit
large_filter_scared_v1_s10.csv,6000,True,True,step_limit
large_filter_scared_v1_s11.csv,6000,True,True,step_limit
large_filter_scared_v1_s12.csv,6000,True,True,step_limit
large_filter_scared_v1_s13.csv,6000,True,True,step_limit
large_filter_scared_v1_s14.csv,6000,True,True,step_limit
large_filter_scared_v1_s15.csv,6000,True,True,step_limit
large_filter_scared_v1_s16.csv,6000,True,True,step_limit
large_filter_scared_v1_s17.csv,6000,True,True,step_limit
large_filter_scared_v1_s18.csv,6000,True,True,step_limit
large_filter_scared_v1_s19.csv,6000,True,True,step_limit
large_filter_scared_v1_s2.csv,6000,True,True,step_limit
large_filter_scared_v1_s20.csv,6000,True,True,step_limit
large_filter_scared_v1_s21.csv,6000,True,True,step_limit
large_filter_scared_v1_s22.csv,6000,True,True,step_limit
large_filter_scared_v1_s23.csv,6000,True,True,step_limit
large_filter_scared_v1_s24.csv,6000,True,True,step_limit
large_filter_scared_v1_s25.csv,6000,True,True,step_limit
large_filter_scared_v1_s26.csv,6000,True,True,step_limit
large_filter_scared_v1_s27.csv,6000,True,True,step_limit
large_filter_scared_v1_s28.csv,6000,True,True,step_limit
large_filter_scared_v1_s29.csv,6000,True,True,step_limit
large_filter_scared_v1_s3.csv,6000,True,True,step_limit
large_filter_scared_v1_s4.csv,6000,True,True,step_limit
large_filter_scared_v1_s5.csv,6000,True,True,step_limit
large_filter_scared_v1_s6.csv,6000,True,True,step_limit
large_filter_scared_v1_s7.csv,6000,True,True,step_limit
large_filter_scared_v1_s8.csv,6000,True,True,step_limit
large_filter_scared_v1_s9.csv,6000,True,True,step_limit
large_filter_walls_afraid_v1_s0.csv,6000,True,True,step_limit
large_filter_walls_afraid_v1_s1.csv,6000,True,True,step_limit
large_filter_walls_afraid_v1_s10.csv,6000,True,True,step_limit
large_filter_walls_afraid_v1_s11.csv,6000,True,True,step_limit
large_filter_walls_afraid_v1_s12.csv,6000,True,True,step_limit
large_filter_walls_afraid_v1_s13.csv,6000,True,True,step_limit
large_filter_walls_afraid_v1_s14.csv,6000,True,True,step_limit
large_filter_walls_afraid_v1_s15.csv,6000,True,True,step_limit
large_filter_walls_afraid_v1_s16.csv,6000,True,True,step_limit
large_filter_walls_afraid_v1_s17.csv,6000,True,True,step_limit
large_filter_walls_afraid_v1_s18.csv,6000,True,True,step_limit
large_filter_walls_afraid_v1_s19.csv,6000,True,True,step_limit
large_filter_walls_afraid_v1_s2.csv,6000,True,True,step_limit
large_filter_walls_afraid_v1_s20.csv,6000,True,True,step_limit
large_filter_walls_afraid_v1_s21.csv,6000,True,True,step_limit
large_filter_walls_afraid_v1_s22.csv,6000,True,True,step_limit
large_filter_walls_afraid_v1_s23.csv,6000,True,True,step_limit
large_filter_walls_afraid_v1_s24.csv,6000,True,True,step_limit
large_filter_walls_afraid_v1_s25.csv,6000,True,True,step_limit
large_filter_walls_afraid_v1_s26.csv,6000,True,True,step_limit
large_filter_walls_afraid_v1_s27.csv,6000,True,True,step_limit
large_filter_walls_afraid_v1_s28.csv,6000,True,True,step_limit
large_filter_walls_afraid_v1_s29.csv,6000,True,True,step_limit
large_filter_walls_afraid_v1_s3.csv,6000,True,True,step_limit
large_filter_walls_afraid_v1_s4.csv,6000,True,True,step_limit
large_filter_walls_afraid_v1_s5.csv,6000,True,True,step_limit
large_filter_walls_afraid_v1_s6.csv,6000,True,True,step_limit
large_filter_walls_afraid_v1_s7.csv,6000,True,True,step_limit
large_filter_walls_afraid_v1_s8.csv,6000,True,True,step_limit
large_filter_walls_afraid_v1_s9.csv,6000,True,True,step_limit
large_filter_walls_confused_v1_s0.csv,6000,True,True,step_limit
large_filter_walls_confused_v1_s1.csv,6000,True,True,step_limit
large_filter_walls_confused_v1_s10.csv,6000,True,True,step_limit
large_filter_walls_confused_v1_s11.csv,6000,True,True,step_limit
large_filter_walls_confused_v1_s12.csv,6000,True,True,step_limit
large_filter_walls_confused_v1_s13.csv,6000,True,True,step_limit
large_filter_walls_confused_v1_s14.csv,6000,True,True,step_limit
large_filter_walls_confused_v1_s15.csv,6000,True,True,step_limit
large_filter_walls_confused_v1_s16.csv,6000,True,True,step_limit
large_filter_walls_confused_v1_s17.csv,6000,True,True,step_limit
large_filter_walls_confused_v1_s18.csv,6000,True,True,step_limit
large_filter_walls_confused_v1_s19.csv,6000,True,True,step_limit
large_filter_walls_confused_v1_s2.csv,6000,True,True,step_limit
large_filter_walls_confused_v1_s20.csv,6000,True,True,step_limit
large_filter_walls_confused_v1_s21.csv,6000,True,True,step_limit
large_filter_walls_confused_v1_s22.csv,6000,True,True,step_limit
large_filter_walls_confused_v1_s23.csv,6000,True,True,step_limit
large_filter_walls_confused_v1_s24.csv,6000,True,True,step_limit
large_filter_walls_confused_v1_s25.csv,6000,True,True,step_limit
large_filter_walls_confused_v1_s26.csv,6000,True,True,step_limit
large_filter_walls_confused_v1_s27.csv,6000,True,True,step_limit
large_filter_walls_confused_v1_s28.csv,6000,True,True,step_limit
large_filter_walls_confused_v1_s29.csv,6000,True,True,step_limit
large_filter_walls_confused_v1_s3.csv,6000,True,True,step_limit
large_filter_walls_confused_v1_s4.csv,6000,True,True,step_limit
large_filter_walls_confused_v1_s5.csv,6000,True,True,step_limit
large_filter_walls_confused_v1_s6.csv,6000,True,True,step_limit
large_filter_walls_confused_v1_s7.csv,6000,True,True,step_limit
large_filter_walls_confused_v1_s8.csv,6000,True,True,step_limit
large_filter_walls_confused_v1_s9.csv,6000,True,True,step_limit
large_filter_walls_scared_v1_s0.csv,6000,True,True,step_limit
large_filter_walls_scared_v1_s1.csv,6000,True,True,step_limit
large_filter_walls_scared_v1_s10.csv,6000,True,True,step_limit
large_filter_walls_scared_v1_s11.csv,6000,True,True,step_limit
large_filter_walls_scared_v1_s12.csv,6000,True,True,step_limit
large_filter_walls_scared_v1_s13.csv,6000,True,True,step_limit
large_filter_walls_scared_v1_s14.csv,6000,True,True,step_limit
large_filter_walls_scared_v1_s15.csv,6000,True,True,step_limit
large_filter_walls_scared_v1_s16.csv,6000,True,True,step_limit
large_filter_walls_scared_v1_s17.csv,6000,True,True,step_limit
large_filter_walls_scared_v1_s18.csv,6000,True,True,step_limit
large_filter_walls_scared_v1_s19.csv,6000,True,True,step_limit
large_filter_walls_scared_v1_s2.csv,6000,True,True,step_limit
large_filter_walls_scared_v1_s20.csv,6000,True,True,step_limit
large_filter_walls_scared_v1_s21.csv,6000,True,True,step_limit
large_filter_walls_scared_v1_s22.csv,6000,True,True,step_limit
large_filter_walls_scared_v1_s23.csv,6000,True,True,step_limit
large_filter_walls_scared_v1_s24.csv,6000,True,True,step_limit
large_filter_walls_scared_v1_s25.csv,6000,True,True,step_limit
large_filter_walls_scared_v1_s26.csv,6000,True,True,step_limit
large_filter_walls_scared_v1_s27.csv,6000,True,True,step_limit
large_filter_walls_scared_v1_s28.csv,6000,True,True,step_limit
large_filter_walls_scared_v1_s29.csv,6000,True,True,step_limit
large_filter_walls_scared_v1_s3.csv,6000,True,True,step_limit
large_filter_walls_scared_v1_s4.csv,6000,True,True,step_limit
large_filter_walls_scared_v1_s5.csv,6000,True,True,step_limit
large_filter_walls_scared_v1_s6.csv,6000,True,True,step_limit
large_filter_walls_scared_v1_s7.csv,6000,True,True,step_limit
large_filter_walls_scared_v1_s8.csv,6000,True,True,step_limit
large_filter_walls_scared_v1_s9.csv,6000,True,True,step_limit
