condition,n_complete,entropy_delta,entropy_ci95,distance_delta,distance_ci95
large_filter_afraid_v0.25,10,0.07143262600000007,0.2560590895606945,0.02042837800000017,0.5958329701314345
large_filter_afraid_v1,10,0.1682782979999998,0.2933719369498855,0.07003112399999997,0.6707524811511495
large_filter_afraid_v4,10,0.02915545800000032,0.36300749580497993,-0.0989813499999996,0.6968255924738641
large_filter_confused_v0.25,10,-0.15084930599999996,0.42668656104464336,-0.2954701639999997,1.0169400018565216
large_filter_confused_v1,10,-0.13192047799999945,0.34491851469143625,-0.2692300299999998,0.6801691446571231
large_filter_confused_v4,10,-0.16211599399999965,0.33888760044468863,-0.4270240980000005,0.6193020919366019
large_filter_scared_v0.25,10,0.04572572199999993,0.09791742912588228,0.044584624,0.08442503033338801
large_filter_scared_v1,10,0.09683680200000003,0.16918094596673325,0.09290087399999994,0.12430153097339738
large_filter_scared_v4,10,0.01928642199999999,0.27933496349955317,0.1260826159999998,0.17536098721785004
large_filter_walls_afraid_v0.25,10,-0.171604148,0.175230194953477,-0.2539048220000001,0.41996058419781296
large_filter_walls_afraid_v1,10,-0.19376802999999979,0.3643056659698628,-0.11236445399999986,0.3018148739024056
large_filter_walls_afraid_v4,10,-0.18683088200000042,0.3136045804981669,-0.06945801800000002,0.32768418968997726
large_filter_walls_confused_v0.25,10,-0.14637749599999994,0.22834956055848626,-0.11472445800000002,0.40203475070900396
large_filter_walls_confused_v1,10,-0.4281553320000002,0.2882850939422988,-0.1819989699999999,0.5019169723638744
large_filter_walls_confused_v4,10,-0.2623363180000002,0.19476014583504273,-0.3088271480000003,0.42984154751176784
large_filter_walls_scared_v0.25,10,-0.04629640799999999,0.07363187939943218,-0.06395756000000001,0.10621539428004693
large_filter_walls_scared_v1,10,0.011388813999999848,0.10948052843846795,-0.030659182000000073,0.13662100092033624
large_filter_walls_scared_v4,10,-0.08526016200000025,0.15621444711924015,-0.02324404399999993,0.25951876708446303
