layout,ghost,var,n_trials,entropy_mean,entropy_ci95,exp_dist_mean,exp_dist_ci95
large_filter,afraid,0.25,10,1.515424977,0.24692834907335687,1.9131942969999998,0.4637134430460572
large_filter,afraid,1.0,10,2.1294249749999996,0.3088084405561922,2.228731716,0.45466428598534175
large_filter,afraid,4.0,10,3.5358670169999997,0.4492696290125003,2.559491987,0.5213195535095277
large_filter,confused,0.25,10,2.018952349,0.19670480905621476,2.54184663,0.2782355995297585
large_filter,confused,1.0,10,3.0634771249999995,0.3134444017135848,3.248168529,0.5309973265557272
large_filter,confused,4.0,10,4.852525779,0.2012436134408465,3.9066144970000005,0.41682976969699265
large_filter,scared,0.25,10,0.672290367,0.10057611643187157,0.676817376,0.09703596357400246
large_filter,scared,1.0,10,0.939127575,0.07646377285821893,0.8379914310000001,0.08472555300913458
large_filter,scared,4.0,10,1.2238094430000002,0.1424054221364505,0.954385104,0.08549570580215297
large_filter_walls,afraid,0.25,10,1.39200149,0.19769132579640325,1.5567517450000001,0.27362111601109645
large_filter_walls,afraid,1.0,10,2.0332651210000003,0.2418419945258614,1.8855935209999999,0.29541585739062
large_filter_walls,afraid,4.0,10,3.374324785,0.33319199129016674,2.264609011,0.3793572968658533
large_filter_walls,confused,0.25,10,1.5724690540000001,0.3283389418986293,1.8558420690000001,0.47702572750128175
large_filter_walls,confused,1.0,10,2.462338136,0.3966483558091607,2.473282007,0.6009136958197351
large_filter_walls,confused,4.0,10,4.1314341070000005,0.31502886643418937,3.099114684,0.6108278621702338
large_filter_walls,scared,0.25,10,0.7178616959999999,0.04517339487130803,0.727432856,0.0591073591844153
large_filter_walls,scared,1.0,10,1.009439291,0.06915231809651294,0.894137875,0.0738370457882892
large_filter_walls,scared,4.0,10,1.3742234349999998,0.19343548444568165,1.061565568,0.13222116050033986
