trial,actual_steps,complete_200
large_filter_afraid_v0.25_s0.csv,200,True
large_filter_afraid_v0.25_s1.csv,200,True
large_filter_afraid_v0.25_s2.csv,200,True
large_filter_afraid_v0.25_s3.csv,200,True
large_filter_afraid_v0.25_s4.csv,200,True
large_filter_afraid_v0.25_s5.csv,200,True
large_filter_afraid_v0.25_s6.csv,200,True
large_filter_afraid_v0.25_s7.csv,200,True
large_filter_afraid_v0.25_s8.csv,200,True
large_filter_afraid_v0.25_s9.csv,200,True
large_filter_afraid_v1_s0.csv,200,True
large_filter_afraid_v1_s1.csv,200,True
large_filter_afraid_v1_s2.csv,200,True
large_filter_afraid_v1_s3.csv,200,True
large_filter_afraid_v1_s4.csv,200,True
large_filter_afraid_v1_s5.csv,200,True
large_filter_afraid_v1_s6.csv,200,True
large_filter_afraid_v1_s7.csv,200,True
large_filter_afraid_v1_s8.csv,200,True
large_filter_afraid_v1_s9.csv,200,True
large_filter_afraid_v4_s0.csv,200,True
large_filter_afraid_v4_s1.csv,200,True
large_filter_afraid_v4_s2.csv,200,True
large_filter_afraid_v4_s3.csv,200,True
large_filter_afraid_v4_s4.csv,200,True
large_filter_afraid_v4_s5.csv,200,True
large_filter_afraid_v4_s6.csv,200,True
large_filter_afraid_v4_s7.csv,200,True
large_filter_afraid_v4_s8.csv,200,True
large_filter_afraid_v4_s9.csv,200,True
large_filter_confused_v0.25_s0.csv,200,True
large_filter_confused_v0.25_s1.csv,200,True
large_filter_confused_v0.25_s2.csv,200,True
large_filter_confused_v0.25_s3.csv,200,True
large_filter_confused_v0.25_s4.csv,200,True
large_filter_confused_v0.25_s5.csv,200,True
large_filter_confused_v0.25_s6.csv,200,True
large_filter_confused_v0.25_s7.csv,200,True
large_filter_confused_v0.25_s8.csv,200,True
large_filter_confused_v0.25_s9.csv,200,True
large_filter_confused_v1_s0.csv,200,True
large_filter_confused_v1_s1.csv,200,True
large_filter_confused_v1_s2.csv,200,True
large_filter_confused_v1_s3.csv,200,True
large_filter_confused_v1_s4.csv,200,True
large_filter_confused_v1_s5.csv,200,True
large_filter_confused_v1_s6.csv,200,True
large_filter_confused_v1_s7.csv,200,True
large_filter_confused_v1_s8.csv,200,True
large_filter_confused_v1_s9.csv,200,True
large_filter_confused_v4_s0.csv,200,True
large_filter_confused_v4_s1.csv,200,True
large_filter_confused_v4_s2.csv,200,True
large_filter_confused_v4_s3.csv,200,True
large_filter_confused_v4_s4.csv,200,True
large_filter_confused_v4_s5.csv,200,True
large_filter_confused_v4_s6.csv,200,True
large_filter_confused_v4_s7.csv,200,True
large_filter_confused_v4_s8.csv,200,True
large_filter_confused_v4_s9.csv,200,True
large_filter_scared_v0.25_s0.csv,200,True
large_filter_scared_v0.25_s1.csv,200,True
large_filter_scared_v0.25_s2.csv,200,True
large_filter_scared_v0.25_s3.csv,200,True
large_filter_scared_v0.25_s4.csv,200,True
large_filter_scared_v0.25_s5.csv,200,True
large_filter_scared_v0.25_s6.csv,200,True
large_filter_scared_v0.25_s7.csv,200,True
large_filter_scared_v0.25_s8.csv,200,True
large_filter_scared_v0.25_s9.csv,200,True
large_filter_scared_v1_s0.csv,200,True
large_filter_scared_v1_s1.csv,200,True
large_filter_scared_v1_s2.csv,200,True
large_filter_scared_v1_s3.csv,200,True
large_filter_scared_v1_s4.csv,200,True
large_filter_scared_v1_s5.csv,200,True
large_filter_scared_v1_s6.csv,200,True
large_filter_scared_v1_s7.csv,200,True
large_filter_scared_v1_s8.csv,200,True
large_filter_scared_v1_s9.csv,200,True
large_filter_scared_v4_s0.csv,200,True
large_filter_scared_v4_s1.csv,200,True
large_filter_scared_v4_s2.csv,200,True
large_filter_scared_v4_s3.csv,200,True
large_filter_scared_v4_s4.csv,200,True
large_filter_scared_v4_s5.csv,200,True
large_filter_scared_v4_s6.csv,200,True
large_filter_scared_v4_s7.csv,200,True
large_filter_scared_v4_s8.csv,200,True
large_filter_scared_v4_s9.csv,200,True
large_filter_walls_afraid_v0.25_s0.csv,200,True
large_filter_walls_afraid_v0.25_s1.csv,200,True
large_filter_walls_afraid_v0.25_s2.csv,200,True
large_filter_walls_afraid_v0.25_s3.csv,200,True
large_filter_walls_afraid_v0.25_s4.csv,200,True
large_filter_walls_afraid_v0.25_s5.csv,200,True
large_filter_walls_afraid_v0.25_s6.csv,200,True
large_filter_walls_afraid_v0.25_s7.csv,200,True
large_filter_walls_afraid_v0.25_s8.csv,200,True
large_filter_walls_afraid_v0.25_s9.csv,200,True
large_filter_walls_afraid_v1_s0.csv,200,True
large_filter_walls_afraid_v1_s1.csv,200,True
large_filter_walls_afraid_v1_s2.csv,200,True
large_filter_walls_afraid_v1_s3.csv,200,True
large_filter_walls_afraid_v1_s4.csv,200,True
large_filter_walls_afraid_v1_s5.csv,200,True
large_filter_walls_afraid_v1_s6.csv,200,True
large_filter_walls_afraid_v1_s7.csv,200,True
large_filter_walls_afraid_v1_s8.csv,200,True
large_filter_walls_afraid_v1_s9.csv,200,True
large_filter_walls_afraid_v4_s0.csv,200,True
large_filter_walls_afraid_v4_s1.csv,200,True
large_filter_walls_afraid_v4_s2.csv,200,True
large_filter_walls_afraid_v4_s3.csv,200,True
large_filter_walls_afraid_v4_s4.csv,200,True
large_filter_walls_afraid_v4_s5.csv,200,True
large_filter_walls_afraid_v4_s6.csv,200,True
large_filter_walls_afraid_v4_s7.csv,200,True
large_filter_walls_afraid_v4_s8.csv,200,True
large_filter_walls_afraid_v4_s9.csv,200,True
large_filter_walls_confused_v0.25_s0.csv,200,True
large_filter_walls_confused_v0.25_s1.csv,200,True
large_filter_walls_confused_v0.25_s2.csv,200,True
large_filter_walls_confused_v0.25_s3.csv,200,True
large_filter_walls_confused_v0.25_s4.csv,200,True
large_filter_walls_confused_v0.25_s5.csv,200,True
large_filter_walls_confused_v0.25_s6.csv,200,True
large_filter_walls_confused_v0.25_s7.csv,200,True
large_filter_walls_confused_v0.25_s8.csv,200,True
large_filter_walls_confused_v0.25_s9.csv,200,True
large_filter_walls_confused_v1_s0.csv,200,True
large_filter_walls_confused_v1_s1.csv,200,True
large_filter_walls_confused_v1_s2.csv,200,True
large_filter_walls_confused_v1_s3.csv,200,True
large_filter_walls_confused_v1_s4.csv,200,True
large_filter_walls_confused_v1_s5.csv,200,True
large_filter_walls_confused_v1_s6.csv,200,True
large_filter_walls_confused_v1_s7.csv,200,True
large_filter_walls_confused_v1_s8.csv,200,True
large_filter_walls_confused_v1_s9.csv,200,True
large_filter_walls_confused_v4_s0.csv,200,True
large_filter_walls_confused_v4_s1.csv,200,True
large_filter_walls_confused_v4_s2.csv,200,True
large_filter_walls_confused_v4_s3.csv,200,True
large_filter_walls_confused_v4_s4.csv,200,True
large_filter_walls_confused_v4_s5.csv,200,True
large_filter_walls_confused_v4_s6.csv,200,True
large_filter_walls_confused_v4_s7.csv,200,True
large_filter_walls_confused_v4_s8.csv,200,True
large_filter_walls_confused_v4_s9.csv,200,True
large_filter_walls_scared_v0.25_s0.csv,200,True
large_filter_walls_scared_v0.25_s1.csv,200,True
large_filter_walls_scared_v0.25_s2.csv,200,True
large_filter_walls_scared_v0.25_s3.csv,200,True
large_filter_walls_scared_v0.25_s4.csv,200,True
large_filter_walls_scared_v0.25_s5.csv,200,True
large_filter_walls_scared_v0.25_s6.csv,200,True
large_filter_walls_scared_v0.25_s7.csv,200,True
large_filter_walls_scared_v0.25_s8.csv,200,True
large_filter_walls_scared_v0.25_s9.csv,200,True
large_filter_walls_scared_v1_s0.csv,200,True
large_filter_walls_scared_v1_s1.csv,200,True
large_filter_walls_scared_v1_s2.csv,200,True
large_filter_walls_scared_v1_s3.csv,200,True
large_filter_walls_scared_v1_s4.csv,200,True
large_filter_walls_scared_v1_s5.csv,200,True
large_filter_walls_scared_v1_s6.csv,200,True
large_filter_walls_scared_v1_s7.csv,200,True
large_filter_walls_scared_v1_s8.csv,200,True
large_filter_walls_scared_v1_s9.csv,200,True
large_filter_walls_scared_v4_s0.csv,200,True
large_filter_walls_scared_v4_s1.csv,200,True
large_filter_walls_scared_v4_s2.csv,200,True
large_filter_walls_scared_v4_s3.csv,200,True
large_filter_walls_scared_v4_s4.csv,200,True
large_filter_walls_scared_v4_s5.csv,200,True
large_filter_walls_scared_v4_s6.csv,200,True
large_filter_walls_scared_v4_s7.csv,200,True
large_filter_walls_scared_v4_s8.csv,200,True
large_filter_walls_scared_v4_s9.csv,200,True
