0,0,3.969727,5.349693
1,0,4.066803,6.179297
2,0,4.089240,7.050036
3,0,4.111049,6.573366
4,0,4.039842,7.086943
5,0,3.920815,8.087244
6,0,3.517549,7.416588
7,0,3.577754,8.240064
8,0,3.581527,7.527462
9,0,3.699701,6.652596
10,0,3.943305,7.514307
11,0,3.675938,5.852759
12,0,3.252074,5.828731
13,0,3.244604,7.299114
14,0,3.282131,6.249502
15,0,3.084067,5.562886
16,0,2.883996,4.925233
17,0,3.108931,5.807978
18,0,3.196112,6.808970
19,0,2.959767,6.805531
20,0,2.955580,7.634013
21,0,3.098828,8.811480
22,0,3.113262,9.503206
23,0,2.934590,10.276627
24,0,3.073282,9.584263
25,0,2.930587,10.371319
26,0,2.585424,9.210168
27,0,0.903495,0.638373
28,0,1.521904,1.476502
29,0,1.438386,2.057704
30,0,1.799522,2.132226
31,0,0.568598,1.731784
32,0,1.284299,2.731784
33,0,1.519931,1.924244
34,0,1.467822,1.161360
35,0,1.540731,1.111435
36,0,1.491139,1.528952
37,0,1.540559,2.181162
38,0,1.868576,1.623552
39,0,2.099530,2.433246
40,0,2.257551,2.029111
41,0,2.310858,1.918914
42,0,1.883697,1.895728
43,0,2.354095,1.981058
44,0,1.886937,1.820574
45,0,1.354812,1.612929
46,0,1.785748,2.431753
47,0,2.255021,2.088827
48,0,1.854597,1.626324
49,0,1.301368,1.239711
50,0,1.193687,0.840942
51,0,1.274574,1.074675
52,0,1.724479,1.277429
53,0,1.229065,1.171339
54,0,1.112658,1.473228
55,0,1.204683,1.004737
56,0,1.670066,2.138777
57,0,2.100187,3.078050
58,0,2.392568,2.548645
59,0,2.310674,3.076227
60,0,1.853586,2.226859
61,0,1.295714,1.243440
62,0,1.710178,1.283035
63,0,1.225971,1.241958
64,0,1.093899,1.507673
65,0,1.209230,1.016900
66,0,1.671446,2.149771
67,0,2.102240,1.795606
68,0,1.744998,2.133643
69,0,1.173036,1.124226
70,0,1.050239,0.684652
71,0,1.150887,0.959387
72,0,1.082585,0.747704
73,0,1.137079,1.290628
74,0,1.622302,1.114391
75,0,1.673260,1.464826
76,0,0.863121,1.428571
77,0,0.666578,0.347826
78,0,1.269071,1.246154
79,0,1.096696,0.768898
80,0,1.425650,1.015813
81,0,1.755734,1.940658
82,0,2.060982,1.765603
83,0,1.897467,1.531384
84,0,2.175639,2.027614
85,0,1.935030,1.676171
86,0,1.537145,1.589979
87,0,1.393715,1.176329
88,0,1.243698,0.912302
89,0,1.042934,0.654943
90,0,0.693559,0.372498
91,0,-0.000000,0.000000
92,0,1.000000,1.000000
93,0,-0.000000,0.000000
94,0,1.000000,1.000000
95,0,-0.000000,0.000000
96,0,1.000000,1.000000
97,0,-0.000000,0.000000
98,0,1.000000,1.000000
99,0,-0.000000,0.000000
100,0,1.000000,1.000000
101,0,1.500000,1.000000
102,0,1.000000,1.000000
103,0,1.500000,2.000000
104,0,1.000000,1.000000
105,0,-0.000000,0.000000
106,0,1.000000,1.000000
107,0,1.500000,2.000000
108,0,1.881291,1.600000
109,0,1.578510,2.000000
110,0,1.000000,1.000000
111,0,-0.000000,0.000000
112,0,1.000000,1.000000
113,0,-0.000000,0.000000
114,0,1.000000,1.000000
115,0,1.500000,1.000000
116,0,1.502329,1.585366
117,0,1.582084,1.363322
118,0,0.840602,1.461201
119,0,0.692028,0.371061
120,0,1.238045,1.102251
121,0,1.638775,2.162065
122,0,1.629367,1.275169
123,0,1.499590,1.393664
124,0,1.665109,1.162909
125,0,1.471420,1.237879
126,0,1.620301,1.367453
127,0,-0.000000,0.000000
128,0,-0.000000,0.000000
129,0,1.000000,1.000000
130,0,1.465536,1.153846
131,0,1.210271,1.000000
132,0,1.004850,0.647992
133,0,1.448354,1.479750
134,0,1.260511,0.922787
135,0,1.040727,0.642199
136,0,1.477851,1.470432
137,0,1.296550,0.968803
138,0,1.075123,0.672651
139,0,1.498692,1.085393
140,0,1.818601,1.268474
141,0,1.628497,1.384925
142,0,0.900365,0.508295
143,0,0.609923,0.297408
144,0,1.245096,1.209106
145,0,1.672810,1.127317
146,0,1.982987,1.567882
147,0,2.198766,2.119853
148,0,2.358822,2.833047
149,0,2.203858,2.357354
150,0,2.264805,1.998152
151,0,2.427477,2.423658
152,0,2.575256,2.364117
153,0,2.374170,2.255820
154,0,2.700995,2.333157
155,0,2.604221,2.803757
156,0,2.518781,3.119769
157,0,2.409368,3.448251
158,0,2.249553,2.565747
159,0,2.069100,2.666007
160,0,1.654916,2.770382
161,0,1.151501,1.449627
162,0,0.995196,1.617816
163,0,1.205664,1.039661
164,0,1.125241,0.777732
165,0,1.184390,1.342348
166,0,1.126632,0.791263
167,0,1.171968,1.336592
168,0,1.117050,0.784231
169,0,0.815009,0.504735
170,0,1.407505,1.504735
171,0,0.983008,0.846824
172,0,1.491504,1.846824
173,0,0.999986,0.995608
174,0,1.499993,1.995608
175,0,1.463634,1.482639
176,0,1.550378,1.444119
177,0,0.998315,1.048320
178,0,-0.000000,0.000000
179,0,1.000000,1.000000
180,0,-0.000000,0.000000
181,0,1.000000,1.000000
182,0,-0.000000,0.000000
183,0,1.000000,1.000000
184,0,1.500000,2.000000
185,0,0.997381,0.939759
186,0,-0.000000,0.000000
187,0,1.000000,1.000000
188,0,-0.000000,0.000000
189,0,1.000000,1.000000
190,0,1.500000,1.000000
191,0,1.463878,1.486486
192,0,1.550992,1.693950
193,0,1.543084,2.435271
194,0,1.515903,1.592610
195,0,1.541417,1.601258
196,0,1.502430,1.520206
197,0,1.532253,1.560665
198,0,1.919792,2.425076
199,0,1.491974,1.534434
