0,0,4.280735,8.471920
1,0,3.246837,8.411788
2,0,3.049427,9.396912
3,0,3.224653,8.636292
4,0,3.053875,7.706570
5,0,2.882900,8.603737
6,0,2.712719,8.448947
7,0,2.888149,7.313480
8,0,2.743450,7.639670
9,0,2.751447,7.984272
10,0,2.429541,8.450411
11,0,2.237569,7.029516
12,0,2.043041,7.176589
13,0,1.548076,5.678031
14,0,2.283286,5.157691
15,0,1.529207,4.308816
16,0,1.329270,2.891256
17,0,1.240277,1.817268
18,0,0.880194,1.401791
19,0,-0.000000,0.000000
20,0,1.000000,1.000000
21,0,1.500000,1.000000
22,0,0.999553,0.975110
23,0,-0.000000,0.000000
24,0,1.000000,1.000000
25,0,1.500000,1.000000
26,0,0.999553,1.024890
27,0,-0.000000,0.000000
28,0,1.000000,1.000000
29,0,-0.000000,0.000000
30,0,1.000000,1.000000
31,0,-0.000000,0.000000
32,0,1.000000,1.000000
33,0,-0.000000,0.000000
34,0,1.000000,1.000000
35,0,-0.000000,0.000000
36,0,1.000000,1.000000
37,0,-0.000000,0.000000
38,0,1.000000,1.000000
39,0,1.500000,1.000000
40,0,0.999553,1.024890
41,0,-0.000000,0.000000
42,0,1.000000,1.000000
43,0,1.500000,1.000000
44,0,0.999553,0.975110
45,0,-0.000000,0.000000
46,0,1.000000,1.000000
47,0,-0.000000,0.000000
48,0,1.000000,1.000000
49,0,-0.000000,0.000000
50,0,1.000000,1.000000
51,0,-0.000000,0.000000
52,0,1.000000,1.000000
53,0,-0.000000,0.000000
54,0,1.000000,1.000000
55,0,-0.000000,0.000000
56,0,1.000000,1.000000
57,0,-0.000000,0.000000
58,0,1.000000,1.000000
59,0,-0.000000,0.000000
60,0,1.000000,1.000000
61,0,-0.000000,0.000000
62,0,1.000000,1.000000
63,0,-0.000000,0.000000
64,0,1.000000,1.000000
65,0,-0.000000,0.000000
66,0,1.000000,1.000000
67,0,-0.000000,0.000000
68,0,1.000000,1.000000
69,0,-0.000000,0.000000
70,0,1.000000,1.000000
71,0,1.500000,2.000000
72,0,0.999553,0.975110
73,0,-0.000000,0.000000
74,0,1.000000,1.000000
75,0,-0.000000,0.000000
76,0,1.000000,1.000000
77,0,-0.000000,0.000000
78,0,1.000000,1.000000
79,0,1.500000,1.000000
80,0,1.491226,1.503049
81,0,1.523332,1.480256
82,0,0.979698,0.832633
83,0,-0.000000,0.000000
84,0,1.000000,1.000000
85,0,-0.000000,0.000000
86,0,1.000000,1.000000
87,0,-0.000000,0.000000
88,0,1.000000,1.000000
89,0,-0.000000,0.000000
90,0,1.000000,1.000000
91,0,1.500000,1.000000
92,0,0.999553,1.024890
93,0,-0.000000,0.000000
94,0,1.000000,1.000000
95,0,-0.000000,0.000000
96,0,1.000000,1.000000
97,0,-0.000000,0.000000
98,0,1.000000,1.000000
99,0,-0.000000,0.000000
100,0,1.000000,1.000000
101,0,1.500000,1.000000
102,0,0.999553,0.975110
103,0,-0.000000,0.000000
104,0,1.000000,1.000000
105,0,1.500000,2.000000
106,0,0.999553,1.024890
107,0,1.499777,2.024890
108,0,0.999031,1.036638
109,0,-0.000000,0.000000
110,0,1.000000,1.000000
111,0,-0.000000,0.000000
112,0,1.000000,1.000000
113,0,-0.000000,0.000000
114,0,1.000000,1.000000
115,0,-0.000000,0.000000
116,0,1.000000,1.000000
117,0,-0.000000,0.000000
118,0,1.000000,1.000000
119,0,-0.000000,0.000000
120,0,1.000000,1.000000
121,0,1.500000,1.000000
122,0,0.999553,1.024890
123,0,-0.000000,0.000000
124,0,1.000000,1.000000
125,0,-0.000000,0.000000
126,0,1.000000,1.000000
127,0,-0.000000,0.000000
128,0,1.000000,1.000000
129,0,1.500000,2.000000
130,0,0.999553,0.975110
131,0,-0.000000,0.000000
132,0,1.000000,1.000000
133,0,-0.000000,0.000000
134,0,1.000000,1.000000
135,0,-0.000000,0.000000
136,0,1.000000,1.000000
137,0,1.500000,2.000000
138,0,1.491226,3.429878
139,0,1.523332,2.418917
140,0,0.979698,1.167367
141,0,-0.000000,0.000000
142,0,1.000000,1.000000
143,0,-0.000000,0.000000
144,0,1.000000,1.000000
145,0,-0.000000,0.000000
146,0,1.000000,1.000000
147,0,-0.000000,0.000000
148,0,1.000000,1.000000
149,0,-0.000000,0.000000
150,0,1.000000,1.000000
151,0,-0.000000,0.000000
152,0,1.000000,1.000000
153,0,-0.000000,0.000000
154,0,1.000000,1.000000
155,0,-0.000000,0.000000
156,0,1.000000,1.000000
157,0,-0.000000,0.000000
158,0,1.000000,1.000000
159,0,-0.000000,0.000000
160,0,1.000000,1.000000
161,0,1.500000,2.000000
162,0,1.491226,1.503049
163,0,1.523332,1.581083
164,0,0.979698,0.832633
165,0,-0.000000,0.000000
166,0,1.000000,1.000000
167,0,-0.000000,0.000000
168,0,1.000000,1.000000
169,0,-0.000000,0.000000
170,0,1.000000,1.000000
171,0,-0.000000,0.000000
172,0,1.000000,1.000000
173,0,-0.000000,0.000000
174,0,1.000000,1.000000
175,0,1.500000,1.000000
176,0,0.999553,1.024890
177,0,-0.000000,0.000000
178,0,1.000000,1.000000
179,0,-0.000000,0.000000
180,0,1.000000,1.000000
181,0,-0.000000,0.000000
182,0,1.000000,1.000000
183,0,-0.000000,0.000000
184,0,1.000000,1.000000
185,0,-0.000000,0.000000
186,0,1.000000,1.000000
187,0,1.500000,1.000000
188,0,1.491226,1.503049
189,0,1.523332,1.581083
190,0,1.521407,1.523581
191,0,1.892306,1.829486
192,0,1.469084,1.731720
193,0,1.318462,1.072820
194,0,0.867340,0.577868
195,0,-0.000000,0.000000
196,0,1.000000,1.000000
197,0,1.500000,1.000000
198,0,0.999553,0.975110
199,0,1.499777,1.975110
