0,0,5.806677,5.479731
1,0,5.503613,6.366030
2,0,5.332692,7.073638
3,0,5.281993,6.236709
4,0,5.062736,7.409418
5,0,4.976573,8.572825
6,0,5.146053,10.807806
7,0,5.065440,12.121020
8,0,4.805674,14.024029
9,0,4.703878,12.422031
10,0,4.728005,14.001662
11,0,4.632751,12.800194
12,0,4.461014,12.912982
13,0,4.430125,13.521316
14,0,4.103115,11.811375
15,0,3.980286,10.318118
16,0,4.321757,9.647580
17,0,3.905383,9.694405
18,0,3.978563,10.344495
19,0,3.776150,8.856707
20,0,3.737635,9.340570
21,0,3.396035,9.302496
22,0,3.323454,9.483301
23,0,3.524773,10.045935
24,0,3.152242,8.205334
25,0,2.568301,5.904924
26,0,2.665643,4.280480
27,0,2.752439,2.898733
28,0,2.485111,1.238347
29,0,1.742927,0.870304
30,0,1.682762,1.963485
31,0,1.903154,1.026638
32,0,1.388009,0.358806
33,0,1.792300,1.017413
34,0,2.003183,0.641157
35,0,2.373784,1.144165
36,0,1.601939,0.425236
37,0,1.860049,1.033751
38,0,1.889212,0.571307
39,0,2.043747,1.089093
40,0,1.620466,0.448539
41,0,1.760778,1.034255
42,0,1.774583,0.534704
43,0,1.827464,1.052189
44,0,1.483191,0.404801
45,0,1.640184,1.013991
46,0,2.023218,1.999196
47,0,2.143808,1.999604
48,0,2.530762,1.507410
49,0,1.995625,1.102355
50,0,2.186381,0.761780
51,0,2.122622,1.138589
52,0,1.625835,0.460785
53,0,1.949771,1.118283
54,0,1.460894,0.413836
55,0,1.630332,1.038767
56,0,1.580590,1.714412
57,0,1.553962,1.020719
58,0,1.050470,0.254804
59,0,1.459861,1.010281
60,0,1.516978,0.468879
61,0,1.536836,1.022747
62,0,1.579316,0.485236
63,0,1.600904,1.027106
64,0,1.599296,0.494309
65,0,1.605854,1.029107
66,0,2.574698,2.048508
67,0,2.035116,1.143465
68,0,0.527991,0.094943
69,0,1.286377,1.008974
70,0,0.784959,0.203308
71,0,1.240893,1.005903
72,0,0.755490,0.199187
73,0,1.218458,1.013030
74,0,1.510856,1.691470
75,0,1.604853,1.131226
76,0,2.125699,1.049931
77,0,1.913091,1.298871
78,0,2.125093,1.049427
79,0,2.147006,1.355732
80,0,2.808101,1.741527
81,0,2.272363,1.619234
82,0,2.840942,1.815457
83,0,2.874226,2.148307
84,0,2.859732,2.257541
85,0,2.470857,1.366743
86,0,2.634844,1.469820
87,0,2.520304,1.268638
88,0,2.126889,0.987584
89,0,2.002701,1.048200
90,0,2.059264,0.998876
91,0,2.161363,0.864305
92,0,1.533083,0.539271
93,0,1.077337,0.283662
94,0,1.447903,0.978680
95,0,0.535204,0.103278
96,0,1.269513,1.004606
97,0,1.312089,0.433176
98,0,1.413172,1.029845
99,0,1.671127,0.640828
100,0,1.721096,1.109613
101,0,0.918848,0.258141
102,0,1.268070,1.007531
103,0,0.578019,1.921207
104,0,1.213131,1.003924
105,0,0.984152,0.294170
106,0,1.508881,1.075131
107,0,1.665728,1.674652
108,0,1.292496,1.011798
109,0,0.583358,0.134254
110,0,1.212217,1.009356
111,0,0.945123,0.291589
112,0,1.370398,1.047959
113,0,1.582336,0.663297
114,0,1.840864,1.216221
115,0,1.365019,1.896238
116,0,1.557866,1.226113
117,0,1.841784,0.888137
118,0,1.755172,1.132850
119,0,2.171099,1.116153
120,0,2.074757,1.231627
121,0,1.920820,1.819407
122,0,2.025634,1.386789
123,0,1.993412,1.079953
124,0,1.959616,1.238099
125,0,1.938051,1.187276
126,0,2.423363,3.012000
127,0,2.513986,1.743656
128,0,2.226158,1.336314
129,0,2.294822,1.559511
130,0,2.368301,1.366949
131,0,2.217223,1.745197
132,0,2.262869,1.615041
133,0,2.259904,3.011586
134,0,2.516936,1.812682
135,0,2.496307,1.287658
136,0,2.145216,0.997537
137,0,1.783272,1.002493
138,0,1.971211,0.839124
139,0,2.286279,1.362661
140,0,1.942176,1.442343
141,0,2.146491,1.051787
142,0,1.840573,0.848816
143,0,1.872027,0.945273
144,0,1.668693,1.504953
145,0,1.178271,0.811686
146,0,0.651381,0.194072
147,0,1.140005,1.005432
148,0,0.617977,0.185575
149,0,1.156349,1.024023
150,0,1.679140,1.603703
151,0,1.249708,1.050910
152,0,0.882841,1.856247
153,0,1.223365,1.041937
154,0,0.437829,0.121564
155,0,1.037227,1.002258
156,0,0.154308,0.033373
157,0,1.026791,1.002314
158,0,1.310916,0.577429
159,0,1.222925,1.039801
160,0,0.856492,1.858426
161,0,1.047600,1.998683
162,0,1.044730,1.798508
163,0,1.243470,1.982963
164,0,1.729970,1.984487
165,0,1.118662,1.019957
166,0,0.408470,0.114037
167,0,1.133058,1.025105
168,0,1.366032,0.608444
169,0,1.079648,1.008746
170,0,0.399526,0.111568
171,0,1.060759,1.007980
172,0,1.047040,0.409719
173,0,1.117810,1.016963
174,0,0.811741,0.284767
175,0,1.267701,1.058039
176,0,0.874172,1.856975
177,0,1.098378,1.017888
178,0,0.399923,0.112786
179,0,1.058548,1.010036
180,0,0.147851,0.033325
181,0,1.009147,1.000716
182,0,1.025005,0.401105
183,0,1.030226,0.999669
184,0,1.032592,1.799302
185,0,1.049576,1.012201
186,0,1.591576,0.806024
187,0,1.557761,1.154253
188,0,0.759852,0.257606
189,0,1.127656,1.029313
190,0,0.813335,0.286746
191,0,1.185652,1.037436
192,0,0.157865,0.036056
193,0,1.014639,1.001956
194,0,0.384646,0.108093
195,0,1.120267,1.020976
196,0,0.810053,0.285697
197,0,1.265927,1.058677
198,0,0.871846,1.857105
199,0,1.095901,1.016408
