0,0,3.165467,2.611111
1,0,2.763224,3.100616
2,0,2.696282,3.558177
3,0,2.818496,2.997263
4,0,2.691527,2.673725
5,0,0.894388,0.622110
6,0,0.961037,0.768641
7,0,0.973889,1.189682
8,0,1.499164,2.048129
9,0,1.419683,1.286097
10,0,1.240862,0.924428
11,0,1.624717,1.129811
12,0,1.046854,0.662563
13,0,1.665254,1.253848
14,0,1.777314,2.239101
15,0,1.793824,1.616101
16,0,2.060716,2.966007
17,0,1.383384,1.224402
18,0,1.200266,1.400302
19,0,1.693456,2.238308
20,0,2.172869,1.811724
21,0,2.424404,2.711900
22,0,1.576637,1.841520
23,0,2.229223,2.712280
24,0,2.369451,3.200311
25,0,2.497834,4.197251
26,0,1.947354,1.850549
27,0,1.740579,1.284217
28,0,1.527360,1.828113
29,0,1.846206,2.654809
30,0,1.798262,1.949450
31,0,2.167902,1.747611
32,0,1.727673,1.460813
33,0,1.867352,1.485144
34,0,0.988411,1.126579
35,0,1.000000,1.000000
36,0,-0.000000,0.000000
37,0,1.000000,1.000000
38,0,1.000000,1.000000
39,0,1.495824,1.176471
40,0,1.785657,1.779817
41,0,1.633578,1.143617
42,0,1.377870,1.290355
43,0,1.196253,0.854986
44,0,1.596966,1.704037
45,0,1.443016,1.198166
46,0,-0.000000,0.000000
47,0,-0.000000,0.000000
48,0,1.000000,1.000000
49,0,1.457266,0.923077
50,0,1.362924,1.114286
51,0,1.092715,0.714286
52,0,1.536818,1.094737
53,0,1.300414,1.426316
54,0,1.143799,0.745055
55,0,1.572771,1.603695
56,0,-0.000000,0.000000
57,0,1.000000,1.000000
58,0,-0.000000,0.000000
59,0,1.000000,1.000000
60,0,-0.000000,0.000000
61,0,1.000000,1.000000
62,0,0.918296,1.333333
63,0,1.485475,1.000000
64,0,1.584675,1.323944
65,0,1.900761,1.362832
66,0,2.128114,2.004425
67,0,1.940095,1.473294
68,0,2.280904,2.255371
69,0,2.202676,2.252906
70,0,1.223766,0.885279
71,0,0.877151,0.593290
72,0,1.000000,1.000000
73,0,1.500000,2.000000
74,0,1.834921,2.846154
75,0,1.795905,2.108108
76,0,2.333988,2.959064
77,0,2.422412,2.377234
78,0,2.385275,2.102535
79,0,2.265812,2.224694
80,0,2.376501,1.987296
81,0,2.254400,1.890719
82,0,1.234025,0.897663
83,0,1.504881,1.063803
84,0,1.898096,1.589349
85,0,1.886526,1.198326
86,0,2.097576,1.771216
87,0,2.034401,1.297483
88,0,1.858903,1.602980
89,0,1.865225,2.042428
90,0,1.938234,1.771070
91,0,1.920352,2.053312
92,0,1.841653,1.546619
93,0,1.931365,1.968672
94,0,1.939156,2.816968
95,0,2.206577,3.773900
96,0,2.406491,3.091263
97,0,1.530389,1.342588
98,0,1.916181,1.556083
99,0,2.183357,2.187913
100,0,2.363941,2.032528
101,0,2.334358,2.047497
102,0,2.456916,2.539225
103,0,1.681533,1.562973
104,0,1.249675,1.098913
105,0,1.810598,2.021909
106,0,1.478953,1.484510
107,0,1.980628,2.372945
108,0,2.099456,3.139316
109,0,2.150257,2.204267
110,0,2.134177,1.844166
111,0,2.055799,1.898646
112,0,1.952125,1.959246
113,0,1.842602,2.015760
114,0,2.180232,1.804769
115,0,2.462074,2.134284
116,0,2.662121,2.687955
117,0,2.781081,2.542023
118,0,1.892966,1.763826
119,0,2.218625,2.030792
120,0,2.424614,2.184846
121,0,1.876540,2.087031
122,0,2.217977,2.026013
123,0,2.451185,2.613542
124,0,1.719376,2.010365
125,0,2.214433,2.886213
126,0,1.848768,2.318159
127,0,1.696079,1.971417
128,0,1.575961,1.784378
129,0,1.842634,2.519064
130,0,1.842899,3.023148
131,0,2.361498,2.425366
132,0,2.022616,2.302511
133,0,2.465874,2.581627
134,0,2.227865,2.415709
135,0,2.509326,2.208845
136,0,2.273444,2.123822
137,0,2.247907,2.036631
138,0,2.269227,2.598640
139,0,2.147396,2.766250
140,0,2.335827,2.953737
141,0,2.439463,2.701657
142,0,2.461921,2.683094
143,0,2.352305,2.568805
144,0,1.901980,2.452175
145,0,1.825307,2.346114
146,0,1.755219,2.286206
147,0,1.980755,2.933557
148,0,1.945882,2.265567
149,0,1.980710,2.735478
150,0,1.954728,3.163491
151,0,1.947502,2.619097
152,0,1.930675,3.049016
153,0,1.845913,2.163613
154,0,1.948530,2.416329
155,0,1.887115,2.530699
156,0,1.817642,2.385767
157,0,1.754044,2.350975
158,0,1.878916,2.269687
159,0,2.026206,3.012128
160,0,1.982338,3.504117
161,0,2.014193,2.864729
162,0,1.956746,3.310749
163,0,1.985531,2.815450
164,0,1.922211,2.360120
165,0,1.966822,2.577558
166,0,1.898721,2.340129
167,0,1.954309,2.570319
168,0,1.883713,2.323477
169,0,1.945537,2.749628
170,0,1.873814,3.167015
171,0,1.735070,2.110599
172,0,1.901750,2.429317
173,0,1.884011,2.569910
174,0,1.856991,2.433710
175,0,1.997032,2.299159
176,0,1.916913,2.208938
177,0,1.675843,1.863206
178,0,1.348582,1.602598
179,0,1.827370,1.394985
180,0,1.480467,1.327018
181,0,1.855931,2.056591
182,0,2.130622,2.974257
183,0,1.885942,2.101436
184,0,2.154840,3.009889
185,0,2.043447,2.779720
186,0,2.155759,3.571298
187,0,2.226917,4.257600
188,0,2.208744,4.587222
189,0,1.942405,3.381623
190,0,2.274430,2.962233
191,0,1.967875,3.455912
192,0,2.251076,4.497204
193,0,1.951195,3.517429
194,0,2.223695,2.938751
195,0,1.935456,2.132343
196,0,1.549547,2.360449
197,0,0.982655,1.154756
198,0,-0.000000,0.000000
199,0,1.000000,1.000000
