0,0,3.856297,5.379820
1,0,3.650027,6.347345
2,0,3.396701,7.168917
3,0,3.755881,6.547764
4,0,3.755716,6.018849
5,0,3.440368,7.033976
6,0,2.576330,5.016559
7,0,2.309389,5.657248
8,0,2.659319,3.879212
9,0,2.436850,3.869905
10,0,2.353335,4.265052
11,0,1.959173,5.278817
12,0,2.264785,5.743427
13,0,2.332766,6.826963
14,0,2.652796,7.568382
15,0,2.734512,8.260426
16,0,2.681286,8.971511
17,0,2.145393,9.605358
18,0,2.217779,9.406465
19,0,1.186421,9.102976
20,0,1.428807,10.613592
21,0,0.500803,11.530229
22,0,1.205114,10.773366
23,0,0.240769,11.721718
24,0,1.137205,10.832089
25,0,0.161977,11.790996
26,0,1.747812,1.831138
27,0,0.937840,0.708577
28,0,1.452267,1.542512
29,0,1.896998,1.898638
30,0,1.763807,2.065730
31,0,1.344063,2.632580
32,0,1.708928,3.664640
33,0,1.376340,2.419764
34,0,-0.000000,0.000000
35,0,1.000000,1.000000
36,0,-0.000000,0.000000
37,0,1.000000,1.000000
38,0,-0.000000,0.000000
39,0,1.000000,1.000000
40,0,-0.000000,0.000000
41,0,1.000000,1.000000
42,0,-0.000000,0.000000
43,0,1.000000,1.000000
44,0,-0.000000,0.000000
45,0,1.000000,1.000000
46,0,1.500000,2.000000
47,0,1.905928,1.642857
48,0,1.584008,1.298893
49,0,1.000000,1.000000
50,0,-0.000000,0.000000
51,0,1.000000,1.000000
52,0,-0.000000,0.000000
53,0,1.000000,1.000000
54,0,-0.000000,0.000000
55,0,1.000000,1.000000
56,0,-0.000000,0.000000
57,0,1.000000,1.000000
58,0,1.500000,2.000000
59,0,1.426538,1.307578
60,0,0.567579,0.534918
61,0,1.194141,1.089850
62,0,0.228406,0.142857
63,0,1.059088,1.021132
64,0,-0.000000,0.000000
65,0,1.000000,1.000000
66,0,-0.000000,0.000000
67,0,1.000000,1.000000
68,0,-0.000000,0.000000
69,0,1.000000,1.000000
70,0,-0.000000,0.000000
71,0,1.000000,1.000000
72,0,-0.000000,0.000000
73,0,1.000000,1.000000
74,0,-0.000000,0.000000
75,0,1.000000,1.000000
76,0,-0.000000,0.000000
77,0,1.000000,1.000000
78,0,-0.000000,0.000000
79,0,1.000000,1.000000
80,0,1.500000,1.000000
81,0,1.000000,1.000000
82,0,-0.000000,0.000000
83,0,1.000000,1.000000
84,0,-0.000000,0.000000
85,0,1.000000,1.000000
86,0,-0.000000,0.000000
87,0,1.000000,1.000000
88,0,-0.000000,0.000000
89,0,1.000000,1.000000
90,0,-0.000000,0.000000
91,0,1.000000,1.000000
92,0,-0.000000,0.000000
93,0,1.000000,1.000000
94,0,-0.000000,0.000000
95,0,1.000000,1.000000
96,0,-0.000000,0.000000
97,0,1.000000,1.000000
98,0,-0.000000,0.000000
99,0,1.000000,1.000000
100,0,1.500000,2.000000
101,0,1.000000,1.000000
102,0,-0.000000,0.000000
103,0,1.000000,1.000000
104,0,-0.000000,0.000000
105,0,1.000000,1.000000
106,0,-0.000000,0.000000
107,0,1.000000,1.000000
108,0,-0.000000,0.000000
109,0,1.000000,1.000000
110,0,-0.000000,0.000000
111,0,1.000000,1.000000
112,0,-0.000000,0.000000
113,0,1.000000,1.000000
114,0,-0.000000,0.000000
115,0,1.000000,1.000000
116,0,-0.000000,0.000000
117,0,1.000000,1.000000
118,0,-0.000000,0.000000
119,0,1.000000,1.000000
120,0,-0.000000,0.000000
121,0,1.000000,1.000000
122,0,-0.000000,0.000000
123,0,1.000000,1.000000
124,0,-0.000000,0.000000
125,0,1.000000,1.000000
126,0,1.500000,1.000000
127,0,1.905928,1.642857
128,0,1.584008,1.298893
129,0,1.000000,1.000000
130,0,-0.000000,0.000000
131,0,1.000000,1.000000
132,0,-0.000000,0.000000
133,0,1.000000,1.000000
134,0,-0.000000,0.000000
135,0,1.000000,1.000000
136,0,-0.000000,0.000000
137,0,1.000000,1.000000
138,0,-0.000000,0.000000
139,0,1.000000,1.000000
140,0,-0.000000,0.000000
141,0,1.000000,1.000000
142,0,1.500000,1.000000
143,0,1.000000,1.000000
144,0,-0.000000,0.000000
145,0,1.000000,1.000000
146,0,-0.000000,0.000000
147,0,1.000000,1.000000
148,0,-0.000000,0.000000
149,0,1.000000,1.000000
150,0,-0.000000,0.000000
151,0,1.000000,1.000000
152,0,-0.000000,0.000000
153,0,1.000000,1.000000
154,0,-0.000000,0.000000
155,0,1.000000,1.000000
156,0,1.500000,1.000000
157,0,1.000000,1.000000
158,0,1.500000,1.000000
159,0,1.905928,1.642857
160,0,1.584008,2.000000
161,0,1.000000,1.000000
162,0,-0.000000,0.000000
163,0,1.000000,1.000000
164,0,-0.000000,0.000000
165,0,1.000000,1.000000
166,0,-0.000000,0.000000
167,0,1.000000,1.000000
168,0,-0.000000,0.000000
169,0,1.000000,1.000000
170,0,-0.000000,0.000000
171,0,1.000000,1.000000
172,0,-0.000000,0.000000
173,0,1.000000,1.000000
174,0,-0.000000,0.000000
175,0,1.000000,1.000000
176,0,-0.000000,0.000000
177,0,1.000000,1.000000
178,0,-0.000000,0.000000
179,0,1.000000,1.000000
180,0,-0.000000,0.000000
181,0,1.000000,1.000000
182,0,1.500000,2.000000
183,0,1.000000,1.000000
184,0,-0.000000,0.000000
185,0,1.000000,1.000000
186,0,-0.000000,0.000000
187,0,1.000000,1.000000
188,0,-0.000000,0.000000
189,0,1.000000,1.000000
190,0,1.500000,1.000000
191,0,1.000000,1.000000
192,0,-0.000000,0.000000
193,0,1.000000,1.000000
194,0,-0.000000,0.000000
195,0,1.000000,1.000000
196,0,-0.000000,0.000000
197,0,1.000000,1.000000
198,0,-0.000000,0.000000
199,0,1.000000,1.000000
