0,0,4.173105,5.352052
1,0,4.182803,5.232473
2,0,3.993714,4.204663
3,0,3.661879,3.486954
4,0,3.423155,3.386828
5,0,2.990165,2.901478
6,0,2.094580,2.661653
7,0,2.069643,2.455424
8,0,1.915813,2.102616
9,0,2.076696,1.862320
10,0,1.905190,1.878346
11,0,1.664709,1.486279
12,0,1.450421,1.196180
13,0,1.871252,1.993194
14,0,1.645074,1.399917
15,0,0.831738,0.788784
16,0,0.768833,0.726640
17,0,0.781595,0.510694
18,0,0.530723,0.240949
19,0,-0.000000,0.000000
20,0,1.000000,1.000000
21,0,-0.000000,0.000000
22,0,1.000000,1.000000
23,0,-0.000000,0.000000
24,0,1.000000,1.000000
25,0,1.500000,2.000000
26,0,0.999553,1.024890
27,0,-0.000000,0.000000
28,0,1.000000,1.000000
29,0,1.500000,2.000000
30,0,0.999553,0.975110
31,0,-0.000000,0.000000
32,0,1.000000,1.000000
33,0,-0.000000,0.000000
34,0,1.000000,1.000000
35,0,1.500000,2.000000
36,0,0.999553,0.975110
37,0,-0.000000,0.000000
38,0,1.000000,1.000000
39,0,-0.000000,0.000000
40,0,1.000000,1.000000
41,0,1.500000,2.000000
42,0,0.999553,1.024890
43,0,-0.000000,0.000000
44,0,1.000000,1.000000
45,0,-0.000000,0.000000
46,0,1.000000,1.000000
47,0,1.000000,1.000000
48,0,0.822404,1.485714
49,0,0.581321,0.277778
50,0,1.205006,1.164474
51,0,0.999816,0.653336
52,0,0.731757,0.374220
53,0,0.509326,0.216542
54,0,0.344430,0.125885
55,0,0.229823,0.073961
56,0,1.076359,1.002285
57,0,0.891297,0.560933
58,0,0.636029,0.308897
59,0,0.416273,0.168089
60,0,-0.000000,0.000000
61,0,1.000000,1.000000
62,0,-0.000000,0.000000
63,0,1.000000,1.000000
64,0,-0.000000,0.000000
65,0,1.000000,1.000000
66,0,-0.000000,0.000000
67,0,1.000000,1.000000
68,0,-0.000000,0.000000
69,0,1.000000,1.000000
70,0,-0.000000,0.000000
71,0,1.000000,1.000000
72,0,1.500000,2.000000
73,0,1.000000,1.000000
74,0,-0.000000,0.000000
75,0,1.000000,1.000000
76,0,-0.000000,0.000000
77,0,1.000000,1.000000
78,0,-0.000000,0.000000
79,0,1.000000,1.000000
80,0,-0.000000,0.000000
81,0,1.000000,1.000000
82,0,-0.000000,0.000000
83,0,1.000000,1.000000
84,0,-0.000000,0.000000
85,0,1.000000,1.000000
86,0,-0.000000,0.000000
87,0,1.000000,1.000000
88,0,1.500000,1.000000
89,0,1.000000,1.000000
90,0,1.500000,1.000000
91,0,1.905928,1.642857
92,0,1.584008,2.000000
93,0,1.961262,1.769305
94,0,1.584380,2.000000
95,0,1.968794,3.000000
96,0,1.583771,2.000000
97,0,1.000000,1.000000
98,0,1.500000,2.000000
99,0,1.000000,1.000000
100,0,1.500000,1.000000
101,0,1.000000,1.000000
102,0,1.500000,2.000000
103,0,1.000000,1.000000
104,0,-0.000000,0.000000
105,0,1.000000,1.000000
106,0,1.500000,1.000000
107,0,1.000000,1.000000
108,0,1.500000,2.000000
109,0,1.905928,1.642857
110,0,1.584008,2.000000
111,0,1.000000,1.000000
112,0,-0.000000,0.000000
113,0,1.000000,1.000000
114,0,-0.000000,0.000000
115,0,1.000000,1.000000
116,0,-0.000000,0.000000
117,0,1.000000,1.000000
118,0,1.500000,2.000000
119,0,1.000000,1.000000
120,0,-0.000000,0.000000
121,0,1.000000,1.000000
122,0,-0.000000,0.000000
123,0,1.000000,1.000000
124,0,-0.000000,0.000000
125,0,1.000000,1.000000
126,0,-0.000000,0.000000
127,0,1.000000,1.000000
128,0,-0.000000,0.000000
129,0,1.000000,1.000000
130,0,-0.000000,0.000000
131,0,1.000000,1.000000
132,0,-0.000000,0.000000
133,0,1.000000,1.000000
134,0,-0.000000,0.000000
135,0,1.000000,1.000000
136,0,-0.000000,0.000000
137,0,1.000000,1.000000
138,0,-0.000000,0.000000
139,0,1.000000,1.000000
140,0,1.500000,1.000000
141,0,1.000000,1.000000
142,0,-0.000000,0.000000
143,0,1.000000,1.000000
144,0,1.500000,2.000000
145,0,1.000000,1.000000
146,0,-0.000000,0.000000
147,0,1.000000,1.000000
148,0,1.500000,2.000000
149,0,1.000000,1.000000
150,0,-0.000000,0.000000
151,0,1.000000,1.000000
152,0,-0.000000,0.000000
153,0,1.000000,1.000000
154,0,-0.000000,0.000000
155,0,1.000000,1.000000
156,0,-0.000000,0.000000
157,0,1.000000,1.000000
158,0,1.500000,2.000000
159,0,1.000000,1.000000
160,0,1.500000,2.000000
161,0,1.000000,1.000000
162,0,1.500000,1.000000
163,0,1.000000,1.000000
164,0,-0.000000,0.000000
165,0,1.000000,1.000000
166,0,-0.000000,0.000000
167,0,1.000000,1.000000
168,0,1.500000,1.000000
169,0,1.905928,1.642857
170,0,1.584008,2.000000
171,0,1.000000,1.000000
172,0,-0.000000,0.000000
173,0,1.000000,1.000000
174,0,-0.000000,0.000000
175,0,1.000000,1.000000
176,0,-0.000000,0.000000
177,0,1.000000,1.000000
178,0,-0.000000,0.000000
179,0,1.000000,1.000000
180,0,1.500000,2.000000
181,0,1.000000,1.000000
182,0,-0.000000,0.000000
183,0,1.000000,1.000000
184,0,1.500000,2.000000
185,0,1.000000,1.000000
186,0,1.500000,1.000000
187,0,1.000000,1.000000
188,0,-0.000000,0.000000
189,0,1.000000,1.000000
190,0,-0.000000,0.000000
191,0,1.000000,1.000000
192,0,-0.000000,0.000000
193,0,1.000000,1.000000
194,0,-0.000000,0.000000
195,0,1.000000,1.000000
196,0,-0.000000,0.000000
197,0,1.000000,1.000000
198,0,-0.000000,0.000000
199,0,1.000000,1.000000
