0,0,3.887038,5.211111
1,0,3.794597,5.384409
2,0,2.691533,4.235869
3,0,2.747786,4.612176
4,0,2.439804,3.253848
5,0,2.719881,4.143401
6,0,2.584983,2.938460
7,0,2.575557,3.426190
8,0,2.350808,4.341341
9,0,2.363226,3.930978
10,0,2.695518,4.625108
11,0,-0.000000,0.000000
12,0,-0.000000,0.000000
13,0,1.000000,1.000000
14,0,1.495824,1.176471
15,0,1.276191,0.778947
16,0,1.729988,1.415698
17,0,1.559724,0.978733
18,0,1.844010,1.406095
19,0,1.899831,2.348468
20,0,1.872929,1.609150
21,0,1.927168,1.833040
22,0,1.900426,1.509364
23,0,1.965404,1.839120
24,0,1.876156,1.450841
25,0,1.965110,1.377663
26,0,1.932519,1.839093
27,0,1.902857,2.719784
28,0,1.746372,3.096820
29,0,0.770394,1.548651
30,0,0.757708,1.562686
31,0,1.421973,2.456526
32,0,1.790215,3.273916
33,0,1.404359,1.539523
34,0,1.668547,1.072557
35,0,1.556741,1.411965
36,0,1.346999,0.924384
37,0,1.499206,1.130172
38,0,1.882336,1.241548
39,0,1.731989,1.169405
40,0,-0.000000,0.000000
41,0,1.000000,1.000000
42,0,1.457266,0.923077
43,0,1.348303,0.891566
44,0,1.230467,1.194946
45,0,1.621428,1.248120
46,0,1.425435,1.426277
47,0,1.283676,0.974749
48,0,1.111090,0.719333
49,0,-0.000000,0.000000
50,0,1.000000,1.000000
51,0,0.881291,0.600000
52,0,1.400196,1.000000
53,0,1.257235,0.989691
54,0,1.067881,0.698193
55,0,1.411462,1.017788
56,0,1.536120,1.200673
57,0,1.075739,0.706439
58,0,0.749564,0.428538
59,0,1.374782,1.428538
60,0,1.764406,2.346900
61,0,1.710143,1.769746
62,0,2.021741,2.698074
63,0,2.001699,1.825003
64,0,1.438744,1.232800
65,0,1.952909,2.318495
66,0,2.157386,2.115505
67,0,2.311790,2.266961
68,0,0.980849,0.837425
69,0,1.000000,1.000000
70,0,1.500000,1.000000
71,0,1.436546,1.181818
72,0,1.761403,2.052632
73,0,1.492773,1.240786
74,0,2.182848,1.471091
75,0,1.846853,1.491156
76,0,1.662331,1.146823
77,0,1.527809,1.862487
78,0,1.835989,1.469668
79,0,1.843154,1.419111
80,0,1.703671,1.699045
81,0,1.960123,1.479098
82,0,2.120034,1.866620
83,0,1.578030,1.245209
84,0,1.497631,1.519134
85,0,1.938902,1.285268
86,0,1.900982,1.525404
87,0,1.414305,1.251708
88,0,1.957780,1.282858
89,0,1.842583,1.469286
90,0,1.543754,2.118864
91,0,1.795628,1.323469
92,0,1.909145,1.802779
93,0,1.926020,1.613308
94,0,1.869422,2.201100
95,0,1.774554,1.829517
96,0,1.899542,1.478455
97,0,1.965348,1.741490
98,0,1.809959,1.287655
99,0,1.949299,1.694735
100,0,1.827275,1.807922
101,0,1.370766,1.669176
102,0,1.720465,1.110223
103,0,1.883869,1.403140
104,0,1.912751,1.232480
105,0,1.685484,0.949425
106,0,1.847904,1.362951
107,0,1.690420,1.104750
108,0,0.958966,1.237367
109,0,1.450058,1.000000
110,0,1.782640,1.283778
111,0,1.743798,1.871516
112,0,1.822602,1.670000
113,0,1.837778,1.221360
114,0,1.909136,1.620365
115,0,0.990606,0.886004
116,0,1.889680,1.307000
117,0,1.454858,0.931244
118,0,1.458050,1.000000
119,0,1.369906,1.196077
120,0,1.443618,1.304095
121,0,1.411508,1.655644
122,0,0.888401,0.611830
123,0,0.962470,1.227101
124,0,1.356217,1.609137
125,0,1.348130,0.891702
126,0,1.688731,1.046414
127,0,1.704704,1.476649
128,0,1.922866,1.694508
129,0,1.436526,2.026273
130,0,1.398441,1.784628
131,0,1.579124,2.101427
132,0,-0.000000,0.000000
133,0,-0.000000,0.000000
134,0,1.000000,1.000000
135,0,1.000000,1.000000
136,0,1.000000,1.000000
137,0,0.918296,0.666667
138,0,0.811278,0.500000
139,0,0.985228,0.857143
140,0,0.945660,1.272727
141,0,0.836641,1.466667
142,0,0.742488,0.421053
143,0,1.000000,1.000000
144,0,0.918296,1.333333
145,0,1.000000,1.000000
146,0,1.000000,1.000000
147,0,0.918296,0.666667
148,0,1.000000,1.000000
149,0,0.918296,1.333333
150,0,0.811278,0.500000
151,0,0.721928,0.400000
152,0,0.991076,0.888889
153,0,-0.000000,0.000000
154,0,1.000000,1.000000
155,0,-0.000000,0.000000
156,0,1.000000,1.000000
157,0,1.000000,1.000000
158,0,0.918296,1.333333
159,0,0.811278,1.500000
160,0,0.985228,0.857143
161,0,0.881291,0.600000
162,0,0.977418,0.823529
163,0,0.870864,0.583333
164,0,0.978870,1.170732
165,0,0.872697,0.586207
166,0,-0.000000,0.000000
167,0,1.000000,1.000000
168,0,1.000000,1.000000
169,0,1.000000,1.000000
170,0,0.918296,0.666667
171,0,0.811278,0.500000
172,0,1.000000,1.000000
173,0,1.000000,1.000000
174,0,1.000000,1.000000
175,0,0.918296,0.666667
176,0,-0.000000,0.000000
177,0,1.000000,1.000000
178,0,0.918296,1.333333
179,0,0.970951,0.800000
180,0,0.954434,1.250000
181,0,0.961237,0.769231
182,0,1.000000,1.000000
183,0,0.918296,1.333333
184,0,0.811278,0.500000
185,0,0.985228,1.142857
186,0,0.945660,0.727273
187,0,0.836641,0.533333
188,0,0.982859,0.846154
189,0,0.947435,1.268293
190,0,0.838373,0.535714
191,0,0.743899,0.422535
192,0,0.983376,1.151515
193,0,0.947062,0.730769
194,0,0.943768,1.277372
195,0,0.964641,0.779510
196,0,1.497680,1.919842
197,0,1.861265,2.908391
198,0,1.887115,3.538595
199,0,1.417600,4.355015
