0,0,5.150344,9.508792
1,0,4.605662,9.565386
2,0,4.386174,9.922484
3,0,4.823921,10.208791
4,0,4.663026,8.983470
5,0,4.329410,10.070038
6,0,3.839364,9.400389
7,0,3.890725,8.233072
8,0,4.264242,8.012061
9,0,4.176044,8.343226
10,0,3.925279,9.146525
11,0,3.780766,7.295173
12,0,2.693018,6.852458
13,0,3.700727,6.265933
14,0,3.316664,5.066407
15,0,3.212266,3.958552
16,0,2.651164,2.501457
17,0,2.582402,1.519234
18,0,2.215909,1.392527
19,0,0.977065,0.219120
20,0,1.631926,1.014778
21,0,1.777943,1.627903
22,0,1.646197,1.001930
23,0,1.212232,0.281046
24,0,1.524624,1.000511
25,0,1.993432,1.340711
26,0,0.875593,1.000855
27,0,1.564055,0.921180
28,0,1.709455,1.083684
29,0,-0.000000,0.000000
30,0,1.000000,1.000000
31,0,-0.000000,0.000000
32,0,1.000000,1.000000
33,0,1.021928,0.400000
34,0,1.159956,1.026993
35,0,-0.000000,0.000000
36,0,1.000000,1.000000
37,0,-0.000000,0.000000
38,0,1.000000,1.000000
39,0,1.870951,1.400000
40,0,1.094879,1.031285
41,0,0.314282,0.083811
42,0,1.009350,1.000276
43,0,1.872943,1.400239
44,0,0.999856,0.985851
45,0,1.021914,0.400000
46,0,0.999976,1.005762
47,0,-0.000000,0.000000
48,0,1.000000,1.000000
49,0,1.870951,1.200000
50,0,1.094879,1.031285
51,0,0.314282,0.083811
52,0,1.009350,1.000276
53,0,1.872943,1.201722
54,0,2.015941,1.454291
55,0,1.621041,0.822728
56,0,0.999075,1.035803
57,0,1.021836,0.400000
58,0,1.160839,1.033731
59,0,0.325165,0.087326
60,0,1.009827,1.001508
61,0,-0.000000,0.000000
62,0,1.000000,1.000000
63,0,1.021928,0.400000
64,0,0.999985,0.995458
65,0,1.870946,1.200000
66,0,1.094780,1.032515
67,0,1.051485,0.415742
68,0,1.038131,1.001260
69,0,0.306337,0.081279
70,0,1.009037,1.000205
71,0,1.872867,2.000348
72,0,1.376561,1.081357
73,0,1.182094,0.490336
74,0,1.198852,1.045534
75,0,-0.000000,0.000000
76,0,1.000000,1.000000
77,0,0.302292,0.080000
78,0,1.008877,1.001981
79,0,1.872828,1.400215
80,0,1.376543,1.968016
81,0,1.980703,1.417566
82,0,1.437434,1.109909
83,0,-0.000000,0.000000
84,0,1.000000,1.000000
85,0,1.021928,0.400000
86,0,1.036488,1.010049
87,0,0.306137,0.081216
88,0,1.042693,1.005545
89,0,1.033412,0.406072
90,0,1.037158,1.001437
91,0,1.529306,1.011982
92,0,1.551988,1.187160
93,0,0.421180,0.120088
94,0,1.013893,0.999967
95,0,1.874060,1.202691
96,0,1.095331,1.003746
97,0,1.051662,0.415839
98,0,0.999988,1.004148
99,0,-0.000000,0.000000
100,0,1.000000,1.000000
101,0,1.500000,1.000000
102,0,0.999553,0.975110
103,0,0.302283,0.080000
104,0,1.041826,1.007852
105,0,1.532926,1.996656
106,0,0.999639,1.022358
107,0,1.870842,2.013415
108,0,1.374477,1.117092
109,0,0.370971,0.102543
110,0,1.011716,1.001126
111,0,-0.000000,0.000000
112,0,1.000000,1.000000
113,0,-0.000000,0.000000
114,0,1.000000,1.000000
115,0,-0.000000,0.000000
116,0,1.000000,1.000000
117,0,0.302292,0.080000
118,0,1.008877,1.000160
119,0,-0.000000,0.000000
120,0,1.000000,1.000000
121,0,1.021928,1.800000
122,0,0.999985,1.004542
123,0,0.302292,0.080000
124,0,1.181889,1.039221
125,0,-0.000000,0.000000
126,0,1.000000,1.000000
127,0,-0.000000,0.000000
128,0,1.000000,1.000000
129,0,0.302292,2.000000
130,0,1.042002,1.005399
131,0,0.306823,0.081434
132,0,1.000000,0.999201
133,0,-0.000000,0.000000
134,0,1.000000,1.000000
135,0,-0.000000,0.000000
136,0,1.000000,1.000000
137,0,1.870951,2.000000
138,0,1.375791,3.014314
139,0,1.980481,2.061840
140,0,1.437277,1.127815
141,0,-0.000000,0.000000
142,0,1.000000,1.000000
143,0,-0.000000,0.000000
144,0,1.000000,1.000000
145,0,0.302292,0.080000
146,0,1.042002,1.007399
147,0,-0.000000,0.000000
148,0,1.000000,1.000000
149,0,-0.000000,0.000000
150,0,1.000000,1.000000
151,0,0.302292,0.080000
152,0,1.008877,1.000160
153,0,1.023820,0.400996
154,0,0.999985,0.995475
155,0,1.021927,0.400000
156,0,1.036457,1.010443
157,0,0.306134,0.081215
158,0,1.009028,1.000189
159,0,0.303064,0.080244
160,0,0.999999,1.000889
161,0,1.021928,2.000178
162,0,1.159934,1.989365
163,0,1.927284,2.034397
164,0,1.732834,1.252642
165,0,0.483954,0.143329
166,0,0.999979,1.005379
167,0,0.302292,0.080000
168,0,1.008886,1.000253
169,0,1.872830,1.201626
170,0,1.095102,1.031232
171,0,0.314315,0.083822
172,0,1.009352,1.000279
173,0,1.023934,0.401056
174,0,1.036601,1.010042
175,0,1.031531,1.798987
176,0,1.037022,1.010054
177,0,-0.000000,0.000000
178,0,1.000000,1.000000
179,0,1.021928,0.400000
180,0,1.036488,1.000810
181,0,1.879817,1.208202
182,0,0.999861,0.986106
183,0,1.021914,0.400000
184,0,0.999976,0.994260
185,0,0.302292,0.080000
186,0,1.008868,1.002080
187,0,1.506825,1.002335
188,0,1.545248,1.946660
189,0,1.279337,1.964709
190,0,1.223787,1.984517
191,0,2.059181,2.443912
192,0,1.807582,2.846654
193,0,1.442802,1.893733
194,0,0.999014,0.963026
195,0,1.021829,0.400000
196,0,1.036731,1.004080
197,0,1.031555,1.798966
198,0,1.581700,1.169882
199,0,1.876723,2.223841
