0,0,1.560786,0.957983
1,0,1.498861,1.943820
2,0,0.994947,0.916352
3,0,1.497473,1.916352
4,0,0.993475,0.904965
5,0,-0.000000,0.000000
6,0,1.000000,1.000000
7,0,1.500000,2.000000
8,0,1.463878,3.324324
9,0,1.550992,2.306050
10,0,0.998468,1.046079
11,0,1.499234,2.046079
12,0,1.460596,3.396577
13,0,1.915147,4.412942
14,0,1.520396,3.885561
15,0,1.903671,5.028746
16,0,2.427567,4.278733
17,0,2.688326,3.602245
18,0,2.545230,4.038832
19,0,2.739275,4.608993
20,0,2.902356,4.217328
21,0,2.958623,4.979011
22,0,2.581648,5.104286
23,0,2.752244,4.191264
24,0,2.752925,3.435576
25,0,2.755873,3.148181
26,0,2.708949,2.997084
27,0,2.116991,2.739465
28,0,1.579587,1.887572
29,0,1.513780,1.782510
30,0,1.569759,1.795638
31,0,1.521666,1.564968
32,0,0.999708,1.020125
33,0,1.499854,1.000000
34,0,0.998062,1.051817
35,0,-0.000000,0.000000
36,0,1.000000,1.000000
37,0,-0.000000,0.000000
38,0,1.000000,1.000000
39,0,-0.000000,0.000000
40,0,1.000000,1.000000
41,0,1.500000,1.000000
42,0,1.463878,1.486486
43,0,1.550992,1.444840
44,0,1.543084,1.620623
45,0,1.515903,1.517585
46,0,0.994167,0.910140
47,0,-0.000000,0.000000
48,0,1.000000,1.000000
49,0,-0.000000,0.000000
50,0,1.000000,1.000000
51,0,-0.000000,0.000000
52,0,1.000000,1.000000
53,0,1.500000,1.000000
54,0,0.997381,0.939759
55,0,-0.000000,0.000000
56,0,1.000000,1.000000
57,0,-0.000000,0.000000
58,0,1.000000,1.000000
59,0,-0.000000,0.000000
60,0,1.000000,1.000000
61,0,1.500000,1.000000
62,0,0.997381,0.939759
63,0,1.498690,1.000000
64,0,0.994741,0.914666
65,0,-0.000000,0.000000
66,0,1.000000,1.000000
67,0,-0.000000,0.000000
68,0,1.000000,1.000000
69,0,1.500000,2.000000
70,0,1.463878,3.324324
71,0,1.550992,2.306050
72,0,0.998468,1.046079
73,0,-0.000000,0.000000
74,0,1.000000,1.000000
75,0,1.500000,1.000000
76,0,0.997381,1.060241
77,0,-0.000000,0.000000
78,0,1.000000,1.000000
79,0,1.500000,1.000000
80,0,0.997381,0.939759
81,0,1.498690,1.000000
82,0,0.994741,1.085334
83,0,1.497370,1.000000
84,0,1.465705,1.562159
85,0,1.560379,1.458953
86,0,0.999996,1.002354
87,0,1.499998,2.002354
88,0,0.997466,0.940743
89,0,-0.000000,0.000000
90,0,1.000000,1.000000
91,0,1.500000,1.000000
92,0,0.997381,0.939759
93,0,-0.000000,0.000000
94,0,1.000000,1.000000
95,0,-0.000000,0.000000
96,0,1.000000,1.000000
97,0,1.500000,2.000000
98,0,1.463878,2.675676
99,0,1.550992,1.693950
100,0,0.998468,0.953921
101,0,-0.000000,0.000000
102,0,1.000000,1.000000
103,0,1.500000,2.000000
104,0,1.463878,3.324324
105,0,1.915973,4.325153
106,0,2.474161,3.645614
107,0,1.984256,4.392589
108,0,1.534363,3.827875
109,0,1.473437,2.568386
110,0,0.979768,1.167083
111,0,1.489884,2.167083
112,0,0.999923,1.010320
113,0,-0.000000,0.000000
114,0,1.000000,1.000000
115,0,1.500000,2.000000
116,0,1.463878,3.324324
117,0,1.550992,2.306050
118,0,1.543084,3.564729
119,0,1.515903,2.407390
120,0,1.541417,3.660592
121,0,1.502430,2.466796
122,0,1.532253,3.732488
123,0,1.492215,2.517939
124,0,0.985143,1.143267
125,0,1.492571,1.000000
126,0,1.448510,1.363290
127,0,1.524240,1.541738
128,0,1.513845,1.490486
129,0,1.487539,1.489918
130,0,0.980871,0.837517
131,0,1.490436,1.837517
132,0,1.445297,1.347122
133,0,1.519587,1.418551
134,0,0.988076,1.128391
135,0,-0.000000,0.000000
136,0,1.000000,1.000000
137,0,1.500000,2.000000
138,0,0.997381,0.939759
139,0,1.498690,1.000000
140,0,0.994741,1.085334
141,0,-0.000000,0.000000
142,0,1.000000,1.000000
143,0,-0.000000,0.000000
144,0,1.000000,1.000000
145,0,1.500000,1.000000
146,0,0.997381,1.060241
147,0,1.498690,2.060241
148,0,0.994741,1.085334
149,0,-0.000000,0.000000
150,0,1.000000,1.000000
151,0,1.500000,1.000000
152,0,0.997381,1.060241
153,0,1.498690,2.060241
154,0,0.994741,1.085334
155,0,-0.000000,0.000000
156,0,1.000000,1.000000
157,0,1.500000,2.000000
158,0,0.997381,1.060241
159,0,1.498690,1.000000
160,0,0.994741,0.914666
161,0,-0.000000,0.000000
162,0,1.000000,1.000000
163,0,1.500000,2.000000
164,0,1.463878,1.486486
165,0,1.550992,1.444840
166,0,0.998468,1.046079
167,0,-0.000000,0.000000
168,0,1.000000,1.000000
169,0,1.500000,2.000000
170,0,0.997381,1.060241
171,0,-0.000000,0.000000
172,0,1.000000,1.000000
173,0,-0.000000,0.000000
174,0,1.000000,1.000000
175,0,1.500000,2.000000
176,0,1.463878,1.486486
177,0,1.915973,2.226994
178,0,1.531010,2.179837
179,0,1.475763,1.431767
180,0,0.979712,0.832690
181,0,1.489856,1.000000
182,0,0.999922,0.989583
183,0,1.499961,1.000000
184,0,0.997746,1.055883
185,0,1.498873,2.055883
186,0,0.994962,1.083525
187,0,-0.000000,0.000000
188,0,1.000000,1.000000
189,0,1.500000,2.000000
190,0,0.997381,0.939759
191,0,1.498690,1.000000
192,0,0.994741,1.085334
193,0,1.497370,2.085334
194,0,1.465705,1.562159
195,0,1.560379,1.458953
196,0,0.999996,0.997646
197,0,1.499998,1.000000
198,0,0.997466,1.059257
199,0,1.498733,1.000000
