0,0,2.070008,1.055556
1,0,1.557958,0.452553
2,0,1.673960,1.008941
3,0,1.918170,1.032791
4,0,2.142538,1.229630
5,0,0.920957,0.206473
6,0,1.343856,1.005414
7,0,2.305040,1.996510
8,0,1.525621,1.034209
9,0,0.714545,0.145606
10,0,1.278274,1.006271
11,0,1.373299,1.747476
12,0,1.930567,1.869419
13,0,2.360699,1.919488
14,0,1.462668,1.005612
15,0,-0.000000,0.000000
16,0,1.000000,1.000000
17,0,0.302292,0.080000
18,0,0.999999,1.000894
19,0,1.021928,1.800000
20,0,1.508158,1.540891
21,0,1.537230,1.167654
22,0,1.665367,1.880883
23,0,1.814799,2.339297
24,0,1.786110,2.724620
25,0,2.010192,1.723343
26,0,1.572471,1.017207
27,0,-0.000000,0.000000
28,0,1.000000,1.000000
29,0,1.021928,0.400000
30,0,0.999985,0.995434
31,0,-0.000000,0.000000
32,0,1.000000,1.000000
33,0,0.302292,0.080000
34,0,1.010785,1.000335
35,0,-0.000000,0.000000
36,0,1.000000,1.000000
37,0,0.302292,0.080000
38,0,1.050655,1.006444
39,0,0.307951,0.081839
40,0,1.000000,0.999185
41,0,-0.000000,0.000000
42,0,1.000000,1.000000
43,0,-0.000000,0.000000
44,0,1.000000,1.000000
45,0,1.870951,1.400000
46,0,1.442706,1.963333
47,0,1.724218,1.088937
48,0,2.302958,1.864717
49,0,1.889602,1.501810
50,0,0.994537,1.086966
51,0,1.021382,0.400000
52,0,1.193525,1.024154
53,0,0.331111,0.089473
54,0,1.012025,1.001173
55,0,-0.000000,0.000000
56,0,1.000000,1.000000
57,0,1.870951,1.400000
58,0,0.999848,1.014493
59,0,0.302289,0.080000
60,0,0.999999,0.998860
61,0,-0.000000,0.000000
62,0,1.000000,1.000000
63,0,1.021928,0.400000
64,0,1.044208,1.009091
65,0,0.307114,0.081566
66,0,1.010980,1.000364
67,0,1.024275,1.799486
68,0,0.999985,1.004559
69,0,0.302292,0.080000
70,0,1.050618,1.006354
71,0,-0.000000,0.000000
72,0,1.000000,1.000000
73,0,1.021928,0.400000
74,0,0.999985,1.004566
75,0,1.870946,2.002740
76,0,1.507458,2.462300
77,0,1.674469,1.718283
78,0,1.713207,1.065262
79,0,0.476878,0.141917
80,0,1.087212,1.002439
81,0,1.889878,1.222744
82,0,0.999970,0.993576
83,0,1.021925,0.400000
84,0,1.044158,1.009641
85,0,0.307110,0.081565
86,0,1.010978,1.001812
87,0,-0.000000,0.000000
88,0,1.000000,1.000000
89,0,1.870951,1.400000
90,0,1.508327,1.541667
91,0,1.537152,1.167784
92,0,1.665379,1.046819
93,0,2.001551,1.792982
94,0,2.217067,1.376730
95,0,0.833693,0.298804
96,0,0.999601,1.023516
97,0,1.870831,2.014110
98,0,2.104638,1.849409
99,0,2.014435,2.192363
100,0,0.997288,1.061292
101,0,1.021657,0.400000
102,0,1.192778,1.038283
103,0,1.914118,2.025472
104,0,1.466388,1.115402
105,0,-0.000000,0.000000
106,0,1.000000,1.000000
107,0,-0.000000,0.000000
108,0,1.000000,1.000000
109,0,1.870951,1.200000
110,0,1.115136,1.028571
111,0,0.317490,0.084962
112,0,0.999999,0.999114
113,0,-0.000000,0.000000
114,0,1.000000,1.000000
115,0,0.302292,0.080000
116,0,1.216063,1.032035
117,0,-0.000000,0.000000
118,0,1.000000,1.000000
119,0,0.302292,0.080000
120,0,1.010785,1.001786
121,0,1.024228,0.401277
122,0,1.191443,1.031195
123,0,0.330854,0.089391
124,0,1.011986,1.001496
125,0,1.024519,0.401437
126,0,1.660608,1.190989
127,0,0.459683,0.135031
128,0,1.081038,1.015161
129,0,1.887963,1.220936
130,0,1.451585,1.104538
131,0,1.729067,1.092485
132,0,1.730770,1.152354
133,0,1.386901,0.635318
134,0,0.999642,1.022263
135,0,0.302285,0.080000
136,0,1.050836,1.005866
137,0,0.307969,0.081845
138,0,1.051732,1.006736
139,0,-0.000000,0.000000
140,0,1.000000,1.000000
141,0,0.302292,0.080000
142,0,0.999999,0.999106
143,0,0.302292,0.080000
144,0,1.050648,1.006427
145,0,-0.000000,0.000000
146,0,1.000000,1.000000
147,0,-0.000000,0.000000
148,0,1.000000,1.000000
149,0,-0.000000,0.000000
150,0,1.000000,1.000000
151,0,0.302292,0.080000
152,0,1.050655,1.006444
153,0,1.035616,0.407633
154,0,1.045017,1.008773
155,0,1.033850,0.406641
156,0,0.999985,0.995514
157,0,-0.000000,0.000000
158,0,1.000000,1.000000
159,0,1.021928,0.400000
160,0,1.190930,1.032222
161,0,1.607094,2.046126
162,0,0.999884,0.987333
163,0,1.021917,0.400000
164,0,1.044108,1.010175
165,0,1.879411,1.210325
166,0,1.446388,1.097926
167,0,-0.000000,0.000000
168,0,1.000000,1.000000
169,0,0.302292,0.080000
170,0,1.050655,1.006222
171,0,1.622394,1.994170
172,0,0.999623,1.022860
173,0,1.021890,0.400000
174,0,1.190217,1.029962
175,0,0.330664,0.089330
176,0,1.055984,1.006554
177,0,-0.000000,0.000000
178,0,1.000000,1.000000
179,0,0.302292,0.080000
180,0,0.999999,0.999106
181,0,-0.000000,0.000000
182,0,1.000000,1.000000
183,0,1.870951,1.200000
184,0,1.115136,1.005357
185,0,1.058332,0.420465
186,0,1.679855,1.151641
187,0,1.359693,0.614747
188,0,1.066302,0.997869
189,0,1.040639,0.410420
190,0,1.195745,1.035338
191,0,-0.000000,0.000000
192,0,1.000000,1.000000
193,0,1.500000,2.000000
194,0,1.508327,1.208333
195,0,1.537152,1.709516
196,0,2.274496,1.445046
197,0,0.968793,0.369669
198,0,1.044607,0.973756
199,0,1.880049,1.398498
