layout,ghost,variance,nghosts,metric,earlier_window,later_window,earlier_mean,later_mean,delta,low,high,margin,n_total,n_complete,status
large_filter_walls,confused,1.0,1,entropy,1,2,2.4984032921686747,2.4218223628742517,-0.07658092929442337,-0.3268948826259449,0.1737330240370982,0.1,10,10,stability_not_established
large_filter_walls,confused,1.0,1,exp_dist,1,2,2.4607725957831326,2.661157975449102,0.20038537966596975,-0.5540779703383139,0.9548487296702532,0.25,10,10,stability_not_established
large_filter_walls,confused,1.0,1,entropy,1,3,2.4984032921686747,2.351457782035928,-0.14694551013274704,-0.4045411243941232,0.11065010412862913,0.1,10,10,stability_not_established
large_filter_walls,confused,1.0,1,exp_dist,1,3,2.4607725957831326,2.2424853886227547,-0.21828720716037733,-0.9287598327998401,0.4921854184790855,0.25,10,10,stability_not_established
large_filter_walls,confused,1.0,1,entropy,2,3,2.4218223628742517,2.351457782035928,-0.07036458083832367,-0.2974478625644331,0.15671870088778575,0.1,10,10,stability_not_established
large_filter_walls,confused,1.0,1,exp_dist,2,3,2.661157975449102,2.2424853886227547,-0.41867258682634717,-1.3033804365173254,0.4660352628646311,0.25,10,10,stability_not_established
large_filter_walls,confused,4.0,1,entropy,1,2,4.087586536746987,4.043831205389221,-0.04375533135776601,-0.23826766922471582,0.15075700650918378,0.1,10,10,stability_not_established
large_filter_walls,confused,4.0,1,exp_dist,1,2,3.081203610240964,3.3852730610778443,0.30406945083688075,-0.4848077307868265,1.0929466324605879,0.25,10,10,stability_not_established
large_filter_walls,confused,4.0,1,entropy,1,3,4.087586536746987,3.8913635029940123,-0.19622303375297473,-0.4727135896254509,0.08026752211950144,0.1,10,10,stability_not_established
large_filter_walls,confused,4.0,1,exp_dist,1,3,3.081203610240964,2.812201761676646,-0.26900184856431764,-1.0858244867211733,0.5478207895925379,0.25,10,10,stability_not_established
large_filter_walls,confused,4.0,1,entropy,2,3,4.043831205389221,3.8913635029940123,-0.1524677023952087,-0.38822362719660797,0.08328822240619058,0.1,10,10,stability_not_established
large_filter_walls,confused,4.0,1,exp_dist,2,3,3.3852730610778443,2.812201761676646,-0.5730712994011984,-1.4786067516564503,0.3324641528540535,0.25,10,10,stability_not_established
